"","Specimen.ID","Run","Lanai.Side","Treatment","Temp...C.","RLC.Order","Plant.ID","Species","ek.1","posix_date","day1_rlc_time","day9_rlc_time","day9_ek","day5_ek","supersat_p1","supersat_p2","supersat_p3","supersat_total"
"1","hm1-1","1","ewa","1",30,"1","1","hm",154.3,2021-09-20,"8:22:09","11:43:20",110.9,91.6,433.666666666667,530,368.75,426.222222222222
"2","hm1-2","1","ewa","2",30,"1","1","hm",151.1,2021-09-20,"8:26:42","11:48:13",98.3,95.2,439,522,389.75,435.555555555556
"3","hm1-3","1","ewa","3",30,"1","1","hm",139.7,2021-09-20,"8:31:21","11:52:37",117,123.3,453.666666666667,448,361,411.222222222222
"4","hm1-4","1","ewa","4",30,"1","1","hm",160.7,2021-09-20,"8:35:45","11:57:02",164.4,113.3,424,467.5,298,377.666666666667
"5","ul1-1","1","ewa","1",30,"1","1","ul",141.8,2021-09-20,"8:40:04","12:01:41",88.2,89,451,532.5,414.75,453
"6","ul1-2","1","ewa","2",30,"1","1","ul",91.5,2021-09-20,"8:45:01","12:06:23",92.6,64.3,527,568.5,406.25,482.555555555556
"7","ul1-3","1","ewa","3",30,"1","1","ul",80.8,2021-09-20,"8:49:20","12:10:54",164.5,71,536.666666666667,554.5,301,435.888888888889
"8","ul1-4","1","ewa","4",30,"1","1","ul",77.5,2021-09-20,"8:53:59","12:15:55",134.5,114.8,542,464.5,343.25,436.444444444444
"9","hm2-1","1","ewa","1",30,"2","2","hm",118.6,2021-09-20,"8:58:34","11:03:00",94.2,87,478.666666666667,537,387.25,451
"10","hm2-2","1","ewa","2",30,"2","2","hm",120.4,2021-09-20,"9:03:35","11:08:09",97.6,99.8,473.333333333333,509,380.75,440.111111111111
"11","hm2-3","1","ewa","3",30,"2","2","hm",156.4,2021-09-20,"9:08:10","11:12:54",133,79,428,546.5,328.75,410.222222222222
"12","hm2-4","1","ewa","4",30,"2","2","hm",135,2021-09-20,"9:12:43","11:18:10",132.1,107.6,452.333333333333,485,331.5,405.888888888889
"13","ul2-1","1","ewa","1",30,"2","2","ul",95.7,2021-09-20,"9:17:09","11:22:53",79.4,83.7,509,541,422.25,477.555555555556
"14","ul2-2","1","ewa","2",30,"2","2","ul",106.4,2021-09-20,"9:21:58","11:28:12",50.7,75,493.666666666667,549.5,494.5,506.444444444444
"15","ul2-3","1","ewa","3",30,"2","2","ul",93.3,2021-09-20,"9:26:23","11:33:38",88.9,109.4,511.333333333333,479,406.25,457.444444444444
"16","ul2-4","1","ewa","4",30,"2","2","ul",103.8,2021-09-20,"9:30:54","11:38:30",94.7,107.4,493,485.5,395.25,447.888888888889
"17","hm3-1","1","ewa","1",27,"3","3","hm",82.5,2021-09-20,"9:35:19","9:06:44",68.9,126.4,519.333333333333,443.5,412.75,455.111111111111
"18","hm3-2","1","ewa","2",27,"3","3","hm",90.8,2021-09-20,"9:39:53","9:12:13",55.3,121.3,511,452,449,470.333333333333
"19","hm3-3","1","ewa","3",27,"3","3","hm",73.2,2021-09-20,"9:44:18","9:16:39",78,145.5,530.666666666667,418,394.75,445.222222222222
"20","hm3-4","1","ewa","4",27,"3","3","hm",92.4,2021-09-20,"9:48:52","9:20:56",126.4,140.6,506,423,308.5,399.777777777778
"21","ul3-1","1","ewa","1",27,"3","3","ul",75.1,2021-09-20,"9:53:30","9:25:22",42.3,75.8,524.333333333333,548.5,491.25,515
"22","ul3-2","1","ewa","2",27,"3","3","ul",73.6,2021-09-20,"9:57:59","9:30:31",56.2,73.2,525.333333333333,551.5,450.5,497.888888888889
"23","ul3-3","1","ewa","3",27,"3","3","ul",91.2,2021-09-20,"9:59:35","9:35:23",67.6,78.5,504.666666666667,547,424.5,478.444444444444
"24","ul3-4","1","ewa","4",27,"3","3","ul",73,2021-09-20,"10:07:05","9:39:58",81.4,79.7,524,545.5,393.25,470.666666666667
"25","hm4-1","1","ewa","1",27,"4","4","hm",107.3,2021-09-20,"10:11:34","8:22:24",107.5,119,476,455.5,334.5,408.555555555556
"26","hm4-2","1","ewa","2",27,"4","4","hm",153.7,2021-09-20,"10:16:51","8:35:55",56.8,88,408,536.5,433.75,448
"27","hm4-3","1","ewa","3",27,"4","4","hm",211.5,2021-09-20,"10:21:56","8:28:22",134.8,126.3,341,443.5,301.25,346.111111111111
"28","hm4-4","1","ewa","4",27,"4","4","hm",174.7,2021-09-20,"10:26:25","8:40:51",74.9,159.8,378.333333333333,393.5,391.75,387.666666666667
"29","ul4-1","1","ewa","1",27,"4","4","ul",71.8,2021-09-20,"10:31:02","8:46:19",69,62.2,520.333333333333,570,407,481
"30","ul4-2","1","ewa","2",27,"4","4","ul",65.4,2021-09-20,"10:36:21","8:50:41",64.2,78.4,536.333333333333,547,420.25,487.111111111111
"31","ul4-3","1","ewa","3",27,"4","4","ul",83.9,2021-09-20,"10:40:55","8:55:16",58.6,103.8,496,496,432.75,467.888888888889
"32","ul4-4","1","ewa","4",27,"4","4","ul",114.5,2021-09-20,"10:45:25","9:00:24",89.4,124.1,453,446.5,367.75,413.666666666667
"33","hm5-1","1","ewa","1",20,"5","5","hm",99.1,2021-09-20,"10:49:53","10:23:06",113.1,133.9,471.666666666667,432.5,343.75,406.111111111111
"34","hm5-2","1","ewa","2",20,"5","5","hm",145.8,2021-09-20,"10:54:22","10:27:46",120,199.4,406.333333333333,309.5,335.5,353.333333333333
"35","hm5-3","1","ewa","3",20,"5","5","hm",130,2021-09-20,"10:58:59","10:33:01",178.8,187.5,422.666666666667,333,261.75,331.222222222222
"36","hm5-4","1","ewa","4",20,"5","5","hm",140.8,2021-09-20,"11:04:22","10:37:56",187.6,178.8,410.333333333333,349.5,250.5,325.777777777778
"37","ul5-1","1","ewa","1",20,"5","5","ul",111.2,2021-09-20,"11:10:07","10:43:08",74.3,83,451.666666666667,541.5,423.75,459.222222222222
"38","ul5-2","1","ewa","2",20,"5","5","ul",73.5,2021-09-20,"11:15:07","10:48:43",74.6,88.4,499.666666666667,533,423.75,473.333333333333
"39","ul5-3","1","ewa","3",20,"5","5","ul",112.5,2021-09-20,"11:20:07","10:53:16",58.5,105.5,444.666666666667,490.5,462.25,462.666666666667
"40","ul5-4","1","ewa","4",20,"5","5","ul",100.5,2021-09-20,"11:24:41","10:58:25",106.1,149.2,458.333333333333,413,364,406.333333333333
"41","hm6-1","1","ewa","1",20,"6","6","hm",207.4,2021-09-20,"11:29:17","9:45:02",136.8,161.1,322.333333333333,388.5,303.25,328.555555555556
"42","hm6-2","1","ewa","2",20,"6","6","hm",203.8,2021-09-20,"11:33:59","9:50:19",137.5,157.8,324.333333333333,399.5,303.75,331.888888888889
"43","hm6-3","1","ewa","3",20,"6","6","hm",118,2021-09-20,"11:38:41","9:55:08",143.4,206.1,427.333333333333,299,297,340.888888888889
"44","hm6-4","1","ewa","4",20,"6","6","hm",140.4,2021-09-20,"11:43:39","9:59:40",139.8,179.2,397.666666666667,349.5,302.5,344.666666666667
"45","ul6-1","1","ewa","1",20,"6","6","ul",112.1,2021-09-20,"11:48:05","10:04:35",103.4,93.8,436,526,354.25,419.666666666667
"46","ul6-2","1","ewa","2",20,"6","6","ul",84.7,2021-09-20,"11:52:47","10:09:59",61.6,73.2,472,551.5,444.5,477.444444444444
"47","ul6-3","1","ewa","3",20,"6","6","ul",141.7,2021-09-20,"11:57:29","10:14:21",91.1,111.3,391.333333333333,472.5,381.5,405
"48","ul6-4","1","ewa","4",20,"6","6","ul",107.9,2021-09-20,"12:02:04","10:18:46",109.2,164.6,438,378.5,350.25,385.777777777778
"49","hm1-1","1","diamond","1",20,"1","7","hm",168.8,2021-09-21,"8:25:28","11:25:09",132.4,149.8,350.333333333333,381,325.75,346.222222222222
"50","hm1-2","1","diamond","2",20,"1","7","hm",93.3,2021-09-21,"8:30:10","11:30:03",103.1,86.3,532,504.5,400.25,467.333333333333
"51","hm1-3","1","diamond","3",20,"1","7","hm",151.5,2021-09-21,"8:34:36","11:34:56",158.4,146.3,394.666666666667,389,271,338.444444444444
"52","hm1-4","1","diamond","4",20,"1","7","hm",133.9,2021-09-21,"8:39:04","11:39:26",136.4,108.4,448.333333333333,472.5,318.5,396
"53","ul1-1","1","diamond","1",20,"1","7","ul",111.3,2021-09-21,"8:43:29","11:44:25",78.7,83.8,491.333333333333,509.5,460.75,481.777777777778
"54","ul1-2","1","diamond","2",20,"1","7","ul",104.1,2021-09-21,"8:48:07","11:52:30",74,95.1,503,493.5,475.75,488.777777777778
"55","ul1-3","1","diamond","3",20,"1","7","ul",74.8,2021-09-21,"8:52:25","11:56:54",91.2,85.4,546.333333333333,505,434,487.222222222222
"56","ul1-4","1","diamond","4",20,"1","7","ul",113.1,2021-09-21,"8:57:03","12:01:23",106.7,134.1,481.666666666667,418.5,393,428.222222222222
"57","hm2-1","1","diamond","1",20,"2","8","hm",148.1,2021-09-21,"9:01:47","10:46:33",116.2,138.7,399.333333333333,409.5,351.75,380.444444444444
"58","hm2-2","1","diamond","2",20,"2","8","hm",95,2021-09-21,"9:06:25","10:51:22",114,170.7,517.666666666667,330,358.75,405.333333333333
"59","hm2-3","1","diamond","3",20,"2","8","hm",111.9,2021-09-21,"9:11:02","10:56:35",171.7,84.1,480.666666666667,508,241.25,380.333333333333
"60","hm2-4","1","diamond","4",20,"2","8","hm",197.5,2021-09-21,"9:15:59","11:01:24",202.1,122.5,292.333333333333,441.5,195,282.222222222222
"61","ul2-1","1","diamond","1",20,"2","8","ul",66.6,2021-09-21,"9:20:34","11:05:48",72.6,65.3,551.666666666667,536,467,510.555555555556
"62","ul2-2","1","diamond","2",20,"2","8","ul",75.8,2021-09-21,"9:25:34","11:10:15",82.3,82.2,532.666666666667,513,442.5,488.222222222222
"63","ul2-3","1","diamond","3",20,"2","8","ul",86.4,2021-09-21,"9:30:08","11:15:11",99.6,71.4,518,527,406.5,470.444444444444
"64","ul2-4","1","diamond","4",20,"2","8","ul",73,2021-09-21,"9:34:31","11:20:15",83.6,80.3,536.333333333333,515.5,441.25,489.444444444444
"65","hm3-1","1","diamond","1",27,"3","9","hm",128,2021-09-21,"9:38:53","8:54:00",60.4,85.1,443,506.5,449.25,459.888888888889
"66","hm3-2","1","diamond","2",27,"3","9","hm",97.1,2021-09-21,"9:44:50","8:58:44",50.9,82.5,501.333333333333,512.5,467,488.555555555556
"67","hm3-3","1","diamond","3",27,"3","9","hm",93.3,2021-09-21,"9:49:13","9:03:58",85.4,100.1,506,486.5,404,456.333333333333
"68","hm3-4","1","diamond","4",27,"3","9","hm",128.9,2021-09-21,"9:53:43","9:08:42",86.9,88.5,439.666666666667,500.5,401.25,436.111111111111
"69","ul3-1","1","diamond","1",27,"3","9","ul",89.3,2021-09-21,"9:58:13","9:13:02",75.3,76.4,506.333333333333,521,433.25,477.111111111111
"70","ul3-2","1","diamond","2",27,"3","9","ul",74.9,2021-09-21,"9:59:32","9:17:34",64,74.5,523.333333333333,522.5,451.5,491.222222222222
"71","ul3-3","1","diamond","3",27,"3","9","ul",61.4,2021-09-21,"10:07:29","9:21:55",79.5,92,540,496,422.75,478.111111111111
"72","ul3-4","1","diamond","4",27,"3","9","ul",83.6,2021-09-21,"10:12:06","9:26:22",86.1,136.7,507,413.5,407.5,442
"73","hm4-1","1","diamond","1",27,"4","10","hm",160.8,2021-09-21,"10:16:37","8:17:44",84.6,75.5,348.666666666667,521.5,394,407.222222222222
"74","hm4-2","1","diamond","2",27,"4","10","hm",151,2021-09-21,"10:21:58","8:22:08",92.7,92,373,496,376.5,401.888888888889
"75","hm4-3","1","diamond","3",27,"4","10","hm",109.4,2021-09-21,"10:26:27","8:26:33",63.3,116.3,464.333333333333,452.5,439.75,450.777777777778
"76","hm4-4","1","diamond","4",27,"4","10","hm",103.7,2021-09-21,"10:31:08","8:30:57",69.4,134.3,471,417.5,433,442.222222222222
"77","ul4-1","1","diamond","1",27,"4","10","ul",90.3,2021-09-21,"10:35:30","8:35:39",70.5,94.3,492.666666666667,494,433.5,466.666666666667
"78","ul4-2","1","diamond","2",27,"4","10","ul",127.5,2021-09-21,"10:40:06","8:40:09",56.8,84.9,426.333333333333,507.5,453,456.222222222222
"79","ul4-3","1","diamond","3",27,"4","10","ul",108.9,2021-09-21,"10:44:38","8:44:30",78.2,97.3,459.333333333333,491.5,417.5,447.888888888889
"80","ul4-4","1","diamond","4",27,"4","10","ul",102.2,2021-09-21,"10:48:59","8:48:52",127.3,129.3,469.333333333333,426,297.75,383.444444444444
"81","hm5-1","1","diamond","1",30,"5","11","hm",111.8,2021-09-21,"10:53:20","10:09:01",78.3,97.8,448.666666666667,490,438.5,453.333333333333
"82","hm5-2","1","diamond","2",30,"5","11","hm",119.6,2021-09-21,"10:58:45","10:13:47",71.3,125.5,431.333333333333,431.5,456.75,442.666666666667
"83","hm5-3","1","diamond","3",30,"5","11","hm",118.6,2021-09-21,"11:03:26","10:18:23",71,109.9,431.666666666667,469.5,458.25,451.888888888889
"84","hm5-4","1","diamond","4",30,"5","11","hm",100.9,2021-09-21,"11:07:59","10:22:45",104,164.6,465.333333333333,345,379,400.222222222222
"85","ul5-1","1","diamond","1",30,"5","11","ul",92.8,2021-09-21,"11:12:19","10:27:30",67,78.8,478.666666666667,517.5,465.25,481.333333333333
"86","ul5-2","1","diamond","2",30,"5","11","ul",94.7,2021-09-21,"11:16:42","10:31:50",80.9,94.8,475,493.5,436.5,462
"87","ul5-3","1","diamond","3",30,"5","11","ul",106.9,2021-09-21,"11:21:16","10:36:25",90,95.2,448.666666666667,493.5,415.75,444
"88","ul5-4","1","diamond","4",30,"5","11","ul",123.5,2021-09-21,"11:25:40","10:41:01",82.8,141.8,417,402.5,433.75,421.222222222222
"89","hm6-1","1","diamond","1",30,"6","12","hm",129.7,2021-09-21,"11:30:00","9:31:29",43.3,84.9,406.666666666667,507.5,491.5,466.777777777778
"90","hm6-2","1","diamond","2",30,"6","12","hm",122.6,2021-09-21,"11:34:36","9:36:24",55.3,107.4,415.333333333333,474.5,469.75,452.666666666667
"91","hm6-3","1","diamond","3",30,"6","12","hm",113.9,2021-09-21,"11:39:32","9:41:09",58.2,109.7,429,470.5,466,454.666666666667
"92","hm6-4","1","diamond","4",30,"6","12","hm",147.4,2021-09-21,"11:44:12","9:45:44",57.4,151.2,359.333333333333,377.5,468.75,412
"93","ul6-1","1","diamond","1",30,"6","12","ul",72.5,2021-09-21,"11:48:45","9:50:00",70.2,98.2,491.333333333333,489,452.5,473.555555555556
"94","ul6-2","1","diamond","2",30,"6","12","ul",75.6,2021-09-21,"11:53:08","9:54:26",57.6,94,484,494.5,470.75,480.444444444444
"95","ul6-3","1","diamond","3",30,"6","12","ul",129.1,2021-09-21,"11:57:33","9:58:43",96.6,115.6,397.666666666667,454,394,408.555555555556
"96","ul6-4","1","diamond","4",30,"6","12","ul",59.7,2021-09-21,"12:01:55","9:59:40",83.7,122.4,503.666666666667,441.5,421,453.111111111111
"289","hm1-1","2","ewa","1",30,"1","13","hm",133.1,2021-09-30,"8:11:57","10:14:55",73.2,63.5,417,572.5,443.5,463.333333333333
"290","hm1-2","2","ewa","2",30,"1","13","hm",116.4,2021-09-30,"8:16:20","10:19:32",67.7,60.9,452,578,453,480.444444444444
"291","hm1-3","2","ewa","3",30,"1","13","hm",111.5,2021-09-30,"8:20:56","10:24:09",77.4,84.5,466.333333333333,534.5,438,468.888888888889
"292","hm1-4","2","ewa","4",30,"1","13","hm",128.9,2021-09-30,"8:25:32","10:28:42",96.4,98.4,424,510.5,404.5,434.555555555556
"293","ul1-1","2","ewa","1",30,"1","13","ul",140.3,2021-09-30,"8:30:08","10:33:46",61.1,79.5,406.666666666667,545.5,472,466.555555555556
"294","ul1-2","2","ewa","2",30,"1","13","ul",101.8,2021-09-30,"8:34:54","10:38:13",49.1,72.9,484,556.5,504.5,509.222222222222
"295","ul1-3","2","ewa","3",30,"1","13","ul",99.3,2021-09-30,"8:39:28","10:42:55",83.4,98.5,487.666666666667,510,432,467.888888888889
"296","ul1-4","2","ewa","4",30,"1","13","ul",69.3,2021-09-30,"8:44:17","10:47:38",61.8,71.4,541.666666666667,559,473,515
"297","hm2-1","2","ewa","1",30,"2","14","hm",123.4,2021-09-30,"8:48:52","10:52:07",87.9,92.3,435.666666666667,521,426,450.333333333333
"298","hm2-2","2","ewa","2",30,"2","14","hm",150.5,2021-09-30,"8:53:21","10:57:10",86,61.4,386,577.5,430.25,448.222222222222
"299","hm2-3","2","ewa","3",30,"2","14","hm",103.2,2021-09-30,"8:58:11","11:02:43",70.1,71.2,476,559,460.25,487.444444444444
"300","hm2-4","2","ewa","4",30,"2","14","hm",153.3,2021-09-30,"9:03:08","11:07:19",89.4,115.1,381.666666666667,472.5,427.5,422.222222222222
"301","ul2-1","2","ewa","1",30,"2","14","ul",86,2021-09-30,"9:07:27","11:12:19",41.8,57.7,497.666666666667,583,523,527.888888888889
"302","ul2-2","2","ewa","2",30,"2","14","ul",134.1,2021-09-30,"9:12:35","11:17:16",100.9,92.6,412.666666666667,519.5,407.25,434
"303","ul2-3","2","ewa","3",30,"2","14","ul",107.7,2021-09-30,"9:17:13","11:22:42",99.2,104.7,462.666666666667,499,411.75,448.111111111111
"304","ul2-4","2","ewa","4",30,"2","14","ul",101.7,2021-09-30,"9:21:37","11:27:18",82.8,81.5,470.333333333333,542,443.75,474.444444444444
"305","hm3-1","2","ewa","1",27,"3","15","hm",190.3,2021-09-30,"9:26:15","11:31:49",98.1,104.3,266,499.5,416.5,384.777777777778
"306","hm3-2","2","ewa","2",27,"3","15","hm",168,2021-09-30,"9:31:50","11:37:29",109.6,86.3,341.666666666667,530.5,394.5,407.111111111111
"307","hm3-3","2","ewa","3",27,"3","15","hm",186,2021-09-30,"9:36:27","11:42:20",114,104,281,500,386.75,376.666666666667
"308","hm3-4","2","ewa","4",27,"3","15","hm",158.3,2021-09-30,"9:41:02","11:46:59",136.9,118.7,365.333333333333,465.5,333.75,373.555555555556
"309","ul3-1","2","ewa","1",27,"3","15","ul",94.4,2021-09-30,"9:45:29","11:51:32",41.9,63.7,474.333333333333,572.5,532.75,522.111111111111
"310","ul3-2","2","ewa","2",27,"3","15","ul",75.4,2021-09-30,"9:50:14","11:56:11",52.7,77.5,506.666666666667,548,514,519.111111111111
"311","ul3-3","2","ewa","3",27,"3","15","ul",97.3,2021-09-30,"9:55:20","12:00:36",88.3,125.6,467,450.5,442.5,452.444444444444
"312","ul3-4","2","ewa","4",27,"3","15","ul",96.9,2021-09-30,"9:59:33","12:06:08",101.6,87,466,530,418.75,459.222222222222
"313","hm4-1","2","ewa","1",27,"4","16","hm",133,2021-09-30,"10:06:34","8:21:26",88.1,85.2,398.666666666667,531,388.25,423.444444444444
"314","hm4-2","2","ewa","2",27,"4","16","hm",143.5,2021-09-30,"10:12:23","8:25:53",80.7,73.2,379.666666666667,556,402,428.777777777778
"315","hm4-3","2","ewa","3",27,"4","16","hm",102,2021-09-30,"10:17:13","8:30:26",56.2,93.7,451.666666666667,517.5,454.5,467.555555555556
"316","hm4-4","2","ewa","4",27,"4","16","hm",104.6,2021-09-30,"10:21:38","8:35:14",89,169.3,447,351,390.5,400.555555555556
"317","hm5-1","2","ewa","1",20,"4","17","hm",134.2,2021-09-30,"10:40:38","8:58:57",86.6,141.9,386.333333333333,418,400.5,399.666666666667
"318","hm5-2","2","ewa","2",20,"4","17","hm",69,2021-09-30,"10:47:38","9:03:25",97,100.4,501,506.5,382.5,449.555555555556
"319","hm5-3","2","ewa","3",20,"4","17","hm",46.3,2021-09-30,"10:52:15","9:07:58",86.7,156.6,547.333333333333,377,402.75,445.222222222222
"320","hm5-4","2","ewa","4",20,"4","17","hm",146.4,2021-09-30,"10:57:21","9:12:20",120.3,126.3,361.666666666667,449.5,338.25,370.777777777778
"321","hm6-1","2","ewa","1",20,"5","18","hm",227.9,2021-09-30,"11:02:14","9:36:48",108.1,132.2,165.333333333333,439,367,315.777777777778
"322","hm6-2","2","ewa","2",20,"5","18","hm",145.2,2021-09-30,"11:06:53","9:41:25",102.1,143.9,359.666666666667,412,381.75,381.111111111111
"323","hm6-3","2","ewa","3",20,"5","18","hm",182.9,2021-09-30,"11:12:08","9:46:14",101.3,135.7,262.333333333333,431.5,384.5,354.222222222222
"324","hm6-4","2","ewa","4",20,"5","18","hm",147.5,2021-09-30,"11:16:35","9:50:38",121.2,109.1,353.333333333333,490.5,345.25,380.222222222222
"325","ul4-1","2","ewa","1",27,"5","16","ul",108.9,2021-09-30,"11:21:50","8:39:56",75.1,76.2,417,550.5,416.75,446.555555555556
"326","ul4-2","2","ewa","2",27,"5","16","ul",136.7,2021-09-30,"11:26:27","8:45:10",73.8,79.3,368,545.5,419.75,430.444444444444
"327","ul4-3","2","ewa","3",27,"5","16","ul",117.3,2021-09-30,"11:30:55","8:49:52",76.4,85.7,399.333333333333,530.5,417,436.333333333333
"328","ul4-4","2","ewa","4",27,"5","16","ul",125.6,2021-09-30,"11:35:26","8:54:24",84.4,116.1,383,470.5,402.25,411
"329","ul5-1","2","ewa","1",20,"6","17","ul",90.5,2021-09-30,"11:40:40","9:17:05",66.3,70,439.666666666667,560,441,467
"330","ul5-3","2","ewa","3",20,"6","17","ul",112.5,2021-09-30,"11:50:04","9:26:44",85.3,98.6,402,510,408.25,428.777777777778
"331","ul5-4","2","ewa","4",20,"6","17","ul",87.6,2021-09-30,"11:54:46","9:31:39",99,103.9,440.333333333333,500.5,384.75,429
"332","ul6-1","2","ewa","1",20,"6","18","ul",95.9,2021-09-30,"12:02:42","9:55:06",83.6,89.4,425.666666666667,525,419.75,445.111111111111
"333","ul6-2","2","ewa","2",20,"6","18","ul",114.4,2021-09-30,"12:07:16","9:59:54",94.2,80.7,393.666666666667,544.5,403.25,431.444444444444
"334","ul6-3","2","ewa","3",20,"6","18","ul",88.8,2021-09-30,"12:12:29","10:04:49",88.8,88,432,527.5,413.25,444.888888888889
"335","ul6-4","2","ewa","4",20,"6","18","ul",84.5,2021-09-30,"12:16:50","10:10:06",89.5,90.2,438.333333333333,523,413,445.888888888889
"336","ul5-2","2","ewa","2",20,"6","17","ul",97.9,2021-09-30,"12:21:30","9:21:45",70.8,91.9,417.333333333333,521.5,433.75,447.777777777778
"337","hm1-1","2","diamond","1",20,"1","19","hm",86.2,2021-10-01,"8:19:31","10:05:11",61.9,186.2,519.666666666667,267.5,446.5,431.111111111111
"338","hm1-2","2","diamond","2",20,"1","19","hm",79.8,2021-10-01,"8:23:56","10:10:03",112,95.7,530.666666666667,498.5,336,437
"339","hm1-3","2","diamond","3",20,"1","19","hm",92.6,2021-10-01,"8:28:20","10:14:34",117.6,194.9,506.666666666667,249.5,317.75,365.555555555556
"340","hm1-4","2","diamond","4",20,"1","19","hm",107.1,2021-10-01,"8:33:00","10:18:56",65.6,151.2,464.333333333333,350.5,443.5,429.777777777778
"341","ul1-1","2","diamond","1",20,"1","19","ul",83.3,2021-10-01,"8:37:19","10:23:37",49.6,77.1,519.333333333333,540,487,509.555555555556
"342","ul1-2","2","diamond","2",20,"1","19","ul",106,2021-10-01,"8:41:40","10:28:09",52.4,87.1,467.333333333333,519,479.75,484.333333333333
"343","ul1-3","2","diamond","3",20,"1","19","ul",94.9,2021-10-01,"8:46:07","10:32:58",84.7,107.9,497,467.5,404,449.111111111111
"344","ul1-4","2","diamond","4",20,"1","19","ul",84,2021-10-01,"8:50:36","10:37:36",101,116.9,513.333333333333,444,371.75,435
"345","hm2-1","2","diamond","1",20,"2","20","hm",113.2,2021-10-01,"8:55:19","10:42:21",66.7,107.2,447,470,446.75,452
"346","hm2-2","2","diamond","2",20,"2","20","hm",111.6,2021-10-01,"8:59:49","10:47:04",98.1,93.3,450.666666666667,504.5,378.75,430.666666666667
"347","hm2-3","2","diamond","3",20,"2","20","hm",108.6,2021-10-01,"9:04:11","10:51:34",93.2,112.8,459.333333333333,454,391.5,428
"348","hm2-4","2","diamond","4",20,"2","20","hm",73.3,2021-10-01,"9:08:57","10:56:26",107.6,122.1,523.666666666667,428.5,358.75,429.222222222222
"349","ul2-1","2","diamond","1",20,"2","20","ul",80.3,2021-10-01,"9:13:27","11:00:45",73,74,513.333333333333,544.5,436.5,486.111111111111
"350","ul2-2","2","diamond","2",20,"2","20","ul",75.7,2021-10-01,"9:18:11","11:05:18",74.4,69.5,518,551,435.75,488.777777777778
"351","ul2-3","2","diamond","3",20,"2","20","ul",92.4,2021-10-01,"9:22:42","11:10:01",89,92.5,489,506,404.5,455.222222222222
"352","ul2-4","2","diamond","4",20,"2","20","ul",62.5,2021-10-01,"9:27:35","11:14:36",112.8,91.4,535.333333333333,509.5,349.25,446.888888888889
"353","hm3-1","2","diamond","1",27,"3","21","hm",97.6,2021-10-01,"9:31:56","11:18:57",78.8,81,478,533.5,428,468.111111111111
"354","hm3-2","2","diamond","2",27,"3","21","hm",113.5,2021-10-01,"9:36:16","11:23:44",82,80.5,442,535,421.5,453.555555555556
"355","hm3-3","2","diamond","3",27,"3","21","hm",102.3,2021-10-01,"9:40:34","11:28:25",120.6,76,464,541.5,330,421.666666666667
"356","hm3-4","2","diamond","4",27,"3","21","hm",130.5,2021-10-01,"9:45:15","11:32:44",110.7,101.4,392,485,359,398
"357","ul3-1","2","diamond","1",27,"3","21","ul",75.8,2021-10-01,"9:49:50","11:37:06",40.1,69.8,507,551,527.25,525.777777777778
"358","ul3-2","2","diamond","2",27,"3","21","ul",79.1,2021-10-01,"9:54:54","11:41:25",72.9,86.1,500.333333333333,520.5,447,481.111111111111
"359","ul3-3","2","diamond","3",27,"3","21","ul",77.6,2021-10-01,"9:59:18","11:46:17",93.6,77.5,501,540,404,466.555555555556
"360","ul3-4","2","diamond","4",27,"3","21","ul",69.1,2021-10-01,"9:59:51","11:51:02",84.7,100.7,512.666666666667,487,423.5,467.333333333333
"361","hm4-1","2","diamond","1",27,"4","22","hm",81.2,2021-10-01,"10:08:28","8:11:49",65.3,79.3,493.666666666667,535,412.5,466.777777777778
"362","hm4-2","2","diamond","2",27,"4","22","hm",78.4,2021-10-01,"10:12:49","8:16:31",65.1,112.4,494.666666666667,455,413.5,449.777777777778
"363","hm4-3","2","diamond","3",27,"4","22","hm",95.4,2021-10-01,"10:17:10","8:21:55",73.6,95.6,466,498.5,396.5,442.333333333333
"364","hm4-4","2","diamond","4",27,"4","22","hm",72.3,2021-10-01,"10:21:37","8:26:48",84.1,136.1,500.333333333333,388.5,374.5,419.555555555556
"365","ul4-1","2","diamond","1",27,"4","22","ul",76.3,2021-10-01,"10:25:57","8:31:28",54,67.8,494.333333333333,554.5,445,485.777777777778
"366","ul4-2","2","diamond","2",27,"4","22","ul",81.8,2021-10-01,"10:30:22","8:36:04",39.2,71.2,485.666666666667,549.5,482.5,498.444444444444
"367","ul4-3","2","diamond","3",27,"4","22","ul",82.4,2021-10-01,"10:35:01","8:40:54",80.6,96.1,483,497.5,384,442.222222222222
"368","ul4-4","2","diamond","4",27,"4","22","ul",100.7,2021-10-01,"10:39:19","8:45:30",78.1,102.1,448.333333333333,484,392.25,431.333333333333
"369","hm5-1","2","diamond","1",30,"5","23","hm",82.6,2021-10-01,"10:43:41","8:49:55",54.3,117.5,479.333333333333,443.5,448.75,457.777777777778
"370","hm5-2","2","diamond","2",30,"5","23","hm",104.1,2021-10-01,"10:48:34","8:54:41",47.1,65.7,438.333333333333,556.5,472.25,479.666666666667
"371","hm5-3","2","diamond","3",30,"5","23","hm",83.6,2021-10-01,"10:53:04","8:59:06",93.4,158.4,474,333.5,364.75,394.222222222222
"372","hm5-4","2","diamond","4",30,"5","23","hm",88.3,2021-10-01,"10:57:59","9:03:48",101.3,108.4,465,465.5,349.75,413.888888888889
"373","ul5-1","2","diamond","1",30,"5","23","ul",78.3,2021-10-01,"11:02:49","9:08:22",53.7,85.6,478,523,455.5,478
"374","ul5-2","2","diamond","2",30,"5","23","ul",99.4,2021-10-01,"11:07:16","9:12:56",55.1,94.8,442.666666666667,499,453,459.777777777778
"375","ul5-3","2","diamond","3",30,"5","23","ul",83,2021-10-01,"11:11:46","9:17:20",80.9,92.2,469,506.5,392.25,443.222222222222
"376","ul5-4","2","diamond","4",30,"5","23","ul",68.1,2021-10-01,"11:16:06","9:22:17",94.5,81.5,489,533.5,367.25,444.777777777778
"377","hm6-1","2","diamond","1",30,"6","24","hm",71.1,2021-10-01,"11:20:28","9:26:44",40.6,73.6,483,546,493,501.444444444444
"378","hm6-2","2","diamond","2",30,"6","24","hm",72.8,2021-10-01,"11:25:13","9:31:24",74,78.2,479,537,413,462.555555555556
"379","hm6-3","2","diamond","3",30,"6","24","hm",89.9,2021-10-01,"11:29:37","9:37:00",105.4,98.1,452.666666666667,494,343.75,413.444444444444
"380","hm6-4","2","diamond","4",30,"6","24","hm",92.5,2021-10-01,"11:34:05","9:42:08",106.2,122.2,445.333333333333,428.5,343.75,396.444444444444
"381","ul6-1","2","diamond","1",30,"6","24","ul",70.7,2021-10-01,"11:38:28","9:46:46",52.5,66.8,477,554.5,469,490.666666666667
"382","ul6-2","2","diamond","2",30,"6","24","ul",71.3,2021-10-01,"11:42:50","9:51:32",41.3,65.2,475,557,497.25,503.111111111111
"383","ul6-3","2","diamond","3",30,"6","24","ul",66.3,2021-10-01,"11:47:13","9:55:57",80.6,86.8,483,519,402,455
"384","ul6-4","2","diamond","4",30,"6","24","ul",79.2,2021-10-01,"11:51:32","9:59:48",81.5,86.9,461.333333333333,519,401.75,447.666666666667
"577","hm1-1","3","ewa","1",20,"1","25","hm",122.1,2021-10-11,"9:03:00","9:57:54",81,87.7,412,477.5,384.5,414.333333333333
"578","hm1-2","3","ewa","2",20,"1","25","hm",80.9,2021-10-11,"9:07:32","9:59:48",99.3,85.6,490,482.5,321,413.222222222222
"579","hm1-3","3","ewa","3",20,"1","25","hm",71,2021-10-11,"9:12:42","10:06:46",72.4,91.9,505.666666666667,463,408.75,453.111111111111
"580","hm1-4","3","ewa","4",20,"1","25","hm",91.1,2021-10-11,"9:17:11","10:11:40",86.6,94.2,470.666666666667,453,369.5,421.777777777778
"581","ul1-1","3","ewa","1",20,"1","25","ul",69.1,2021-10-11,"9:21:44","10:16:03",82.8,73.6,506.666666666667,511.5,382,452.333333333333
"582","ul1-2","3","ewa","2",20,"1","25","ul",70.5,2021-10-11,"9:26:08","10:20:21",67.6,74.6,502.333333333333,509.5,422.25,468.333333333333
"583","ul1-3","3","ewa","3",20,"1","25","ul",60.2,2021-10-11,"9:31:04","10:25:00",94.5,94.3,520.333333333333,452,343.5,426.555555555556
"584","ul1-4","3","ewa","4",20,"1","25","ul",68.7,2021-10-11,"9:35:37","10:29:39",89.1,78.3,502,501.5,365,441
"585","hm2-1","3","ewa","1",20,"2","26","hm",170.2,2021-10-11,"9:40:32","10:34:28",167.7,132.5,257.666666666667,316.5,111.25,205.666666666667
"586","hm2-2","3","ewa","2",20,"2","26","hm",192.5,2021-10-11,"9:45:33","10:39:44",87.6,120.9,167.333333333333,357.5,372.25,300.666666666667
"587","hm2-3","3","ewa","3",20,"2","26","hm",213.6,2021-10-11,"9:49:57","10:47:30",86.9,104.6,106,420,378.25,296.777777777778
"588","hm2-4","3","ewa","4",20,"2","26","hm",256.6,2021-10-11,"9:54:23","10:51:52",122.9,125.7,29.6666666666667,343.5,259.75,201.666666666667
"589","ul2-1","3","ewa","1",20,"2","26","ul",128.9,2021-10-11,"9:58:53","10:56:59",84,101.4,372.666666666667,429,389.25,392.555555555556
"590","ul2-2","3","ewa","2",20,"2","26","ul",128.2,2021-10-11,"9:59:54","11:01:49",87.8,97.1,375,443,377.5,391.222222222222
"591","ul2-3","3","ewa","3",20,"2","26","ul",129.5,2021-10-11,"10:07:46","11:06:46",104.1,122.6,368.666666666667,353.5,321.25,344.222222222222
"592","ul2-4","3","ewa","4",20,"2","26","ul",122.4,2021-10-11,"10:12:07","11:11:54",95.4,126.5,387.666666666667,341,352,361.444444444444
"593","hm3-1","3","ewa","1",27,"3","27","hm",171,2021-10-11,"10:16:33","11:16:35",77,88.6,249.666666666667,471.5,415,372.444444444444
"594","hm3-2","3","ewa","2",27,"3","27","hm",101.7,2021-10-11,"10:21:40","11:21:34",81,72.9,431.333333333333,515,405.5,438.444444444444
"595","hm3-3","3","ewa","3",27,"3","27","hm",132,2021-10-11,"10:26:28","11:26:42",74.1,65.8,357,532.5,425.75,426.555555555556
"596","hm3-4","3","ewa","4",27,"3","27","hm",139,2021-10-11,"10:31:08","11:32:48",98.2,102.4,339.333333333333,426.5,347.75,362.444444444444
"597","ul3-1","3","ewa","1",27,"3","27","ul",99.4,2021-10-11,"10:35:37","11:37:06",89.2,97.8,430,440.5,381.5,410.777777777778
"598","ul3-2","3","ewa","2",27,"3","27","ul",58,2021-10-11,"10:40:06","11:42:12",41.8,46.4,503,593,501.25,522.222222222222
"599","ul3-3","3","ewa","3",27,"3","27","ul",89.1,2021-10-11,"10:44:33","11:46:41",92.5,93.2,445,456,373.25,415.555555555556
"600","ul3-4","3","ewa","4",27,"3","27","ul",99.1,2021-10-11,"10:49:04","11:51:09",106.3,119.8,426.333333333333,359.5,325.5,366.666666666667
"601","hm4-1","3","ewa","1",27,"4","28","hm",176.5,2021-10-11,"10:53:49","8:08:30",73.2,106.3,219,416.5,378.5,333.777777777778
"602","hm4-2","3","ewa","2",27,"4","28","hm",192.2,2021-10-11,"10:58:31","8:13:14",66.1,82.1,157,491.5,394,336.666666666667
"603","hm4-3","3","ewa","3",27,"4","28","hm",149.8,2021-10-11,"11:04:14","8:17:40",60.5,97.6,303.666666666667,440.5,409.25,381
"604","hm4-4","3","ewa","4",27,"4","28","hm",236.4,2021-10-11,"11:08:54","8:22:11",52.5,87.6,54.6666666666667,477.5,427.25,314.222222222222
"605","ul4-1","3","ewa","1",27,"4","28","ul",107.7,2021-10-11,"11:13:17","8:26:32",64.6,80.8,401.666666666667,494.5,401.5,422.222222222222
"606","ul4-2","3","ewa","2",27,"4","28","ul",104.5,2021-10-11,"11:17:52","8:30:53",77.9,82.7,406,489.5,372,409.444444444444
"607","ul4-3","3","ewa","3",27,"4","28","ul",91.9,2021-10-11,"11:22:30","8:35:33",76.6,72.7,428.333333333333,515,376.75,424.666666666667
"608","ul4-4","3","ewa","4",27,"4","28","ul",89.5,2021-10-11,"11:27:21","8:40:11",102.1,97.8,429.666666666667,440.5,298,373.555555555556
"609","hm5-1","3","ewa","1",30,"5","29","hm",136.2,2021-10-11,"11:32:14","8:44:39",40.9,63.9,327.333333333333,539.5,458,432.555555555556
"610","hm5-2","3","ewa","2",30,"5","29","hm",130.9,2021-10-11,"11:37:28","8:49:09",48.9,99.5,336.666666666667,433.5,443.75,405.777777777778
"611","hm5-3","3","ewa","3",30,"5","29","hm",102.9,2021-10-11,"11:42:23","8:53:44",51.1,61.7,400.666666666667,546,439.75,450.333333333333
"612","hm5-4","3","ewa","4",30,"5","29","hm",126.4,2021-10-11,"11:47:35","8:58:15",58.7,73.3,346.333333333333,513.5,422.25,417.222222222222
"613","ul5-1","3","ewa","1",30,"5","29","ul",73.1,2021-10-11,"11:52:03","9:02:44",68.7,64.7,447.666666666667,537.5,399.5,446.222222222222
"614","ul5-2","3","ewa","2",30,"5","29","ul",97.3,2021-10-11,"11:58:06","9:07:29",43.2,67.1,406.333333333333,527,460.75,457.333333333333
"615","ul5-3","3","ewa","3",30,"5","29","ul",87.4,2021-10-11,"12:02:36","9:12:06",81.2,97.6,423,440.5,373,404.666666666667
"616","ul5-4","3","ewa","4",30,"5","29","ul",95.8,2021-10-11,"12:07:07","9:16:27",83.2,97.9,406.666666666667,440,366.5,396.222222222222
"617","hm6-1","3","ewa","1",30,"6","30","hm",226.8,2021-10-11,"12:11:47","9:20:51",51.8,74.6,67,509.5,445,333.333333333333
"618","hm6-2","3","ewa","2",30,"6","30","hm",320.4,2021-10-11,"12:16:32","9:25:16",53.7,58.8,2,554.5,440.75,319.777777777778
"619","hm6-3","3","ewa","3",30,"6","30","hm",325,2021-10-11,"12:21:03","9:30:00",66.4,70.8,1.66666666666667,519,412.75,299.333333333333
"620","hm6-4","3","ewa","4",30,"6","30","hm",317.2,2021-10-11,"12:25:34","9:35:23",54.4,74.9,2,509,441.5,310
"621","ul6-1","3","ewa","1",30,"6","30","ul",66,2021-10-11,"12:30:04","9:39:50",46.2,56.1,451,564.5,464,482
"622","ul6-2","3","ewa","2",30,"6","30","ul",81.8,2021-10-11,"12:34:27","9:44:28",62.6,68.8,419.666666666667,524,427,446.111111111111
"623","ul6-3","3","ewa","3",30,"6","30","ul",58.7,2021-10-11,"12:39:34","9:49:09",63.2,75.9,461.333333333333,508,427.25,456.555555555556
"624","ul6-4","3","ewa","4",30,"6","30","ul",73.7,2021-10-11,"12:43:56","9:53:29",81.5,97,429.666666666667,443,382.75,411.777777777778
"721","hm1-1","3.5","diamond","1",20,"1","31","hm",173.9,2021-10-21,"8:25:28","9:58:45",110,155.9,113,139,217.75,165.333333333333
"722","hm1-2","3.5","diamond","2",20,"1","31","hm",125.8,2021-10-21,"8:30:04","9:59:49",58,106.2,189.333333333333,353.5,402.75,320.666666666667
"723","hm1-3","3.5","diamond","3",20,"1","31","hm",122.7,2021-10-21,"8:34:29","10:07:44",89.7,113.1,193.333333333333,319.5,293,265.666666666667
"724","hm1-4","3.5","diamond","4",20,"1","31","hm",132.2,2021-10-21,"8:38:56","10:12:14",84.9,96.1,179.333333333333,399.5,312.25,287.333333333333
"725","ul1-1","3.5","diamond","1",20,"1","31","ul",61.6,2021-10-21,"8:43:16","10:16:36",77.6,76.3,428,461.5,339,395.888888888889
"726","ul1-2","3.5","diamond","2",20,"1","31","ul",56.2,2021-10-21,"8:47:51","10:21:49",61.1,61.5,448.666666666667,511.5,398,440.111111111111
"727","ul1-3","3.5","diamond","3",20,"1","31","ul",90,2021-10-21,"8:52:09","10:26:07",98.1,95.2,305.666666666667,403.5,265.5,309.555555555556
"728","ul1-4","3.5","diamond","4",20,"1","31","ul",68.9,2021-10-21,"8:56:51","10:30:34",84,104.7,396.666666666667,361,319.25,354.333333333333
"729","hm2-1","3.5","diamond","1",20,"2","32","hm",153.4,2021-10-21,"9:01:24","10:35:27",108,112.5,144.666666666667,322.5,229.5,221.888888888889
"730","hm2-2","3.5","diamond","2",20,"2","32","hm",105.6,2021-10-21,"9:05:55","10:40:31",152.4,148.6,243.666666666667,171,102.75,164.888888888889
"731","hm2-3","3.5","diamond","3",20,"2","32","hm",95,2021-10-21,"9:10:14","10:44:57",88.5,80,276.666666666667,449,305.75,327.888888888889
"732","hm2-4","3.5","diamond","4",20,"2","32","hm",92.1,2021-10-21,"9:15:04","10:49:44",128.6,95.6,288.666666666667,401.5,167,259.666666666667
"733","ul2-1","3.5","diamond","1",20,"2","32","ul",111.1,2021-10-21,"9:19:24","10:54:10",100.1,85.4,216.333333333333,439,263.75,286.888888888889
"734","ul2-2","3.5","diamond","2",20,"2","32","ul",72.3,2021-10-21,"9:23:52","10:58:38",57.9,59.4,372.333333333333,518,418.25,425.111111111111
"735","ul2-3","3.5","diamond","3",20,"2","32","ul",91,2021-10-21,"9:28:20","11:03:05",114.4,84,290.666666666667,441,212.25,289.222222222222
"736","ul2-4","3.5","diamond","4",20,"2","32","ul",85.6,2021-10-21,"9:32:57","11:07:55",91.4,94,318,407.5,300.75,330.222222222222
"737","hm3-1","3.5","diamond","1",27,"3","33","hm",140.8,2021-10-21,"9:37:22","11:12:42",71.1,79,165.666666666667,451,377,323
"738","hm3-2","3.5","diamond","2",27,"3","33","hm",100.6,2021-10-21,"9:41:45","11:17:33",46,68,251,486.5,461.25,396.777777777778
"739","hm3-3","3.5","diamond","3",27,"3","33","hm",117.9,2021-10-21,"9:46:11","11:22:34",65,60.2,189,514.5,398.75,354.555555555556
"740","hm3-4","3.5","diamond","4",27,"3","33","hm",128.6,2021-10-21,"9:50:33","11:27:49",54,64.6,179.666666666667,500,439,366.111111111111
"741","ul3-1","3.5","diamond","1",27,"3","33","ul",72.8,2021-10-21,"9:55:14","11:32:12",59.3,62.1,360,509.5,420.75,420.222222222222
"742","ul3-2","3.5","diamond","2",27,"3","33","ul",85.4,2021-10-21,"9:59:36","11:36:45",63.7,41.2,309.666666666667,561,406.75,408.666666666667
"743","ul3-3","3.5","diamond","3",27,"3","33","ul",66.1,2021-10-21,"10:04:03","11:41:04",88.8,87.4,382,432,318.5,364.888888888889
"744","ul3-4","3.5","diamond","4",27,"3","33","ul",89.4,2021-10-21,"10:08:31","11:45:33",98.6,95.9,286,400.5,283.5,310.333333333333
"745","hm4-1","3.5","diamond","1",27,"4","34","hm",115.6,2021-10-21,"10:13:12","8:10:56",53.5,67.4,186.333333333333,489,392,345
"746","hm4-2","3.5","diamond","2",27,"4","34","hm",117.3,2021-10-21,"10:17:42","8:15:36",50.5,74.8,183.666666666667,467.5,399.75,342.777777777778
"747","hm4-3","3.5","diamond","3",27,"4","34","hm",135.5,2021-10-21,"10:22:31","8:20:27",53.7,76.7,164.666666666667,459.5,393.75,332
"748","hm4-4","3.5","diamond","4",27,"4","34","hm",112.9,2021-10-21,"10:26:49","8:24:50",65.8,84.3,191.333333333333,441,352,318.222222222222
"749","ul4-1","3.5","diamond","1",27,"4","34","ul",59,2021-10-21,"10:31:24","8:29:25",69,64.4,403,500,343,397.888888888889
"750","ul4-2","3.5","diamond","2",27,"4","34","ul",54.8,2021-10-21,"10:35:48","8:34:05",75.2,79.3,418.666666666667,450.5,323,383.222222222222
"751","ul4-3","3.5","diamond","3",27,"4","34","ul",49.7,2021-10-21,"10:40:12","8:38:31",92.1,97.2,437.333333333333,392.5,270.75,353.333333333333
"752","ul4-4","3.5","diamond","4",27,"4","34","ul",53,2021-10-21,"10:44:33","8:42:49",97.2,104.3,422,364,254.5,334.666666666667
"753","hm5-1","3.5","diamond","1",30,"5","35","hm",159.9,2021-10-21,"10:48:58","8:47:21",36.1,73.6,124.666666666667,469.5,450,345.888888888889
"754","hm5-2","3.5","diamond","2",30,"5","35","hm",136.6,2021-10-21,"10:53:59","8:51:42",44.7,79.6,154.333333333333,449.5,427.25,341.222222222222
"755","hm5-3","3.5","diamond","3",30,"5","35","hm",138.5,2021-10-21,"10:58:30","8:56:07",56.8,79.4,152,450,392.75,325.222222222222
"756","hm5-4","3.5","diamond","4",30,"5","35","hm",121.7,2021-10-21,"11:03:03","9:00:24",80.4,111.2,165.333333333333,329,311,266.444444444444
"757","ul5-1","3.5","diamond","1",30,"5","35","ul",81.8,2021-10-21,"11:07:26","9:04:55",70.9,93.8,299.666666666667,409,346.75,344.888888888889
"758","ul5-2","3.5","diamond","2",30,"5","35","ul",113.4,2021-10-21,"11:11:50","9:09:16",83.7,108,172.666666666667,344,304,269.111111111111
"759","ul5-3","3.5","diamond","3",30,"5","35","ul",102.6,2021-10-21,"11:16:22","9:13:54",94.8,110.2,217.333333333333,333.5,266.25,264.888888888889
"760","ul5-4","3.5","diamond","4",30,"5","35","ul",73,2021-10-21,"11:20:49","9:18:12",84.6,123.8,330.333333333333,267.5,301.25,303.444444444444
"761","hm6-1","3.5","diamond","1",30,"6","36","hm",105,2021-10-21,"11:25:14","9:22:48",51,69.9,210,482.5,415.5,361.888888888889
"762","hm6-2","3.5","diamond","2",30,"6","36","hm",106.3,2021-10-21,"11:29:51","9:27:08",54.2,65.8,204,495.5,408.5,359.666666666667
"763","hm6-3","3.5","diamond","3",30,"6","36","hm",135.9,2021-10-21,"11:34:29","9:31:31",62.4,68.3,140.666666666667,485.5,381.25,324.222222222222
"764","hm6-4","3.5","diamond","4",30,"6","36","hm",92.5,2021-10-21,"11:39:09","9:36:08",52.4,87.2,242,432,415,361.111111111111
"765","ul6-1","3.5","diamond","1",30,"6","36","ul",77.1,2021-10-21,"11:43:47","9:40:35",74.3,80.4,302.333333333333,448.5,341.75,352.333333333333
"766","ul6-2","3.5","diamond","2",30,"6","36","ul",59.9,2021-10-21,"11:49:17","9:45:03",65.6,76.1,374.333333333333,463,373.5,393.666666666667
"767","ul6-3","3.5","diamond","3",30,"6","36","ul",69.5,2021-10-21,"11:53:57","9:49:34",76.3,86.9,335.666666666667,432,336.75,357.555555555556
"768","ul6-4","3.5","diamond","4",30,"6","36","ul",73,2021-10-21,"11:58:46","9:54:06",67.2,95.5,317.666666666667,402.5,370.5,360
"865","hm1-1","4","ewa","1",20,"1","37","hm",138.4,2021-11-01,"8:35:05","9:55:30",104,135.3,183.666666666667,215.5,267.5,228
"866","hm1-2","4","ewa","2",20,"1","37","hm",97.6,2021-11-01,"8:39:32","9:59:35",87.1,134.7,319,218.5,342.5,307.111111111111
"867","hm1-3","4","ewa","3",20,"1","37","hm",98.2,2021-11-01,"8:43:53","10:05:01",85.2,112.2,316.666666666667,291.5,352.75,327.111111111111
"868","hm1-4","4","ewa","4",20,"1","37","hm",128.5,2021-11-01,"8:48:45","10:09:30",91.5,136,216.666666666667,211.5,328.25,265.111111111111
"869","ul1-1","4","ewa","1",20,"1","37","ul",106.8,2021-11-01,"8:53:09","10:13:53",85.9,85.3,285,395,351.75,339.111111111111
"870","ul1-2","4","ewa","2",20,"1","37","ul",93.9,2021-11-01,"8:58:07","10:18:15",87.3,97.7,336,342.5,345.5,341.666666666667
"871","ul1-3","4","ewa","3",20,"1","37","ul",110.7,2021-11-01,"9:02:50","10:22:46",102.8,112.8,273.333333333333,287.5,272.25,276
"872","ul1-4","4","ewa","4",20,"1","37","ul",120.8,2021-11-01,"9:07:07","10:27:23",97,115.4,248.333333333333,279.5,305.25,280.555555555556
"873","hm2-1","4","ewa","1",20,"2","38","hm",124.4,2021-11-01,"9:11:51","10:32:02",103.6,155.6,234,152,272.75,233
"874","hm2-2","4","ewa","2",20,"2","38","hm",99.7,2021-11-01,"9:16:12","10:36:40",38.6,142.3,312.333333333333,193,482.5,361.444444444444
"875","hm2-3","4","ewa","3",20,"2","38","hm",101.9,2021-11-01,"9:21:11","10:41:17",83,116.4,304.666666666667,274.5,372,327.888888888889
"876","hm2-4","4","ewa","4",20,"2","38","hm",131.8,2021-11-01,"9:25:56","10:45:45",98.2,95.1,202.666666666667,353,304,281.111111111111
"877","ul2-1","4","ewa","1",20,"2","38","ul",114.8,2021-11-01,"9:30:17","10:50:08",68.8,76.5,264.333333333333,423.5,425.75,371.444444444444
"878","ul2-2","4","ewa","2",20,"2","38","ul",95.1,2021-11-01,"9:34:51","10:55:10",56.4,75.3,332.666666666667,428.5,456,408.777777777778
"879","ul2-4","4","ewa","4",20,"2","38","ul",79.6,2021-11-01,"9:39:27","11:04:22",78.1,78.9,399.333333333333,417,395.25,401.444444444444
"880","ul2-3","4","ewa","3",20,"2","38","ul",97,2021-11-01,"9:43:50","10:59:41",69.4,76.8,323,422.5,427.25,391.444444444444
"881","hm3-1","4","ewa","1",27,"3","39","hm",90.7,2021-11-01,"9:48:45","11:13:32",60.8,79.9,352.666666666667,416,450.75,410.333333333333
"882","hm3-2","4","ewa","2",27,"3","39","hm",119.6,2021-11-01,"9:53:57","11:17:58",48.1,64.6,252,465,477.25,399.444444444444
"883","hm3-3","4","ewa","3",27,"3","39","hm",103.8,2021-11-01,"9:58:50","11:22:51",63.4,108.2,298,303,447,365.333333333333
"884","hm3-4","4","ewa","4",27,"3","39","hm",92.8,2021-11-01,"10:04:02","11:27:39",84.4,93.9,343.666666666667,358,376.75,361.555555555556
"885","ul3-1","4","ewa","1",27,"3","39","ul",74.2,2021-11-01,"10:08:45","11:08:50",72.8,62.2,411.666666666667,476,419.5,429.444444444444
"886","ul3-2","4","ewa","2",27,"3","39","ul",74.9,2021-11-01,"10:13:24","11:32:07",55,81.4,407.666666666667,411,467.75,435.111111111111
"887","ul3-3","4","ewa","3",27,"3","39","ul",73.9,2021-11-01,"10:17:50","11:36:41",102.5,93.5,409.666666666667,359.5,292.25,346.333333333333
"888","ul3-4","4","ewa","4",27,"3","39","ul",66.5,2021-11-01,"10:22:39","11:41:07",77.9,91.1,430.666666666667,369,405.75,405.888888888889
"889","hm4-1","4","ewa","1",27,"4","40","hm",105.1,2021-11-01,"10:27:30","8:05:39",57.2,68.2,290,452,412.25,380.333333333333
"890","hm4-2","4","ewa","2",27,"4","40","hm",145.8,2021-11-01,"10:31:50","8:10:00",68.4,68.3,144.333333333333,452,386.25,320.222222222222
"891","hm4-3","4","ewa","3",27,"4","40","hm",153.4,2021-11-01,"10:36:15","8:14:58",158.2,66.6,108.333333333333,458.5,130.5,196
"892","hm4-4","4","ewa","4",27,"4","40","hm",119.3,2021-11-01,"10:40:33","8:19:50",95.8,96.8,253,346,294.25,292
"893","ul4-1","4","ewa","1",27,"4","40","ul",107.5,2021-11-01,"10:44:50","8:24:32",66.8,88.3,283.333333333333,380,393.5,353.777777777778
"894","ul4-2","4","ewa","2",27,"4","40","ul",101.9,2021-11-01,"10:49:26","8:28:53",51.2,80.1,304.666666666667,415,429.75,384.777777777778
"895","ul4-3","4","ewa","3",27,"4","40","ul",103.2,2021-11-01,"10:53:53","8:33:44",70.2,85.9,300,391,387,358.888888888889
"896","ul4-4","4","ewa","4",27,"4","40","ul",98.1,2021-11-01,"10:58:22","8:38:08",54,94.6,314.666666666667,354,426,372.888888888889
"897","hm5-1","4","ewa","1",30,"5","41","hm",108.7,2021-11-01,"11:02:58","8:42:39",39.1,69.3,276.666666666667,447,453,392.888888888889
"898","hm5-2","4","ewa","2",30,"5","41","hm",151.8,2021-11-01,"11:07:23","8:47:19",57.4,81.9,117,410.5,422.25,317.888888888889
"899","hm5-3","4","ewa","3",30,"5","41","hm",127.9,2021-11-01,"11:12:00","8:51:51",42.1,65.6,219.666666666667,460.5,451.25,376.111111111111
"900","hm5-4","4","ewa","4",30,"5","41","hm",164,2021-11-01,"11:16:20","8:56:26",70.9,99.1,72,338,391.25,273
"901","ul5-1","4","ewa","1",30,"5","41","ul",104.8,2021-11-01,"11:20:51","9:00:50",60.2,79.4,292.333333333333,416,419.5,376.333333333333
"902","ul5-2","4","ewa","2",30,"5","41","ul",91.6,2021-11-01,"11:25:11","9:05:13",71.5,80.1,329.333333333333,415,391.5,376
"903","ul5-3","4","ewa","3",30,"5","41","ul",95.3,2021-11-01,"11:30:00","9:09:40",91.4,93.5,316.333333333333,359.5,313.75,324.777777777778
"904","ul5-4","4","ewa","4",30,"5","41","ul",95.5,2021-11-01,"11:34:54","9:14:08",71.7,91.7,314.666666666667,367,393.25,361.222222222222
"905","hm6-1","4","ewa","1",30,"6","42","hm",112.4,2021-11-01,"11:39:23","9:18:52",75.6,91.5,267,367.5,382.75,340.777777777778
"906","hm6-2","4","ewa","2",30,"6","42","hm",111.8,2021-11-01,"11:43:47","9:23:27",53.2,77.3,267,421.5,439,377.777777777778
"907","hm6-3","4","ewa","3",30,"6","42","hm",93.3,2021-11-01,"11:48:17","9:28:02",46.9,77.2,316.333333333333,422,451.75,400
"908","hm6-4","4","ewa","4",30,"6","42","hm",111.5,2021-11-01,"11:52:59","9:32:50",65.8,90.1,264,372.5,413.5,354.555555555556
"909","ul6-1","4","ewa","1",30,"6","42","ul",89.4,2021-11-01,"11:57:31","9:37:29",68.9,66.3,328.666666666667,458.5,407.5,392.555555555556
"910","ul6-2","4","ewa","2",30,"6","42","ul",95.1,2021-11-01,"12:02:03","9:42:04",62.4,75.5,306.333333333333,427.5,424.5,385.777777777778
"911","ul6-3","4","ewa","3",30,"6","42","ul",98.4,2021-11-01,"12:06:40","9:46:35",83.6,93.4,296,359.5,355.75,336.666666666667
"912","ul6-4","4","ewa","4",30,"6","42","ul",92.2,2021-11-01,"12:11:23","9:50:54",64.9,79.7,312.333333333333,416,420.5,383.444444444444
"913","hm1-1","4","diamond","1",20,"1","43","hm",156.4,2021-11-04,"8:11:15","8:35:24",89.6,143.8,132,184.5,248.75,195.555555555556
"914","hm1-2","4","diamond","2",20,"1","43","hm",111.7,2021-11-04,"8:15:55","8:39:58",92.8,138,262,209,235.5,238.444444444444
"915","hm1-3","4","diamond","3",20,"1","43","hm",88.5,2021-11-04,"8:20:16","8:44:19",108.7,144.3,353,181,176.25,236.222222222222
"916","hm1-4","4","diamond","4",20,"1","43","hm",79.1,2021-11-04,"8:24:37","8:48:44",94.5,145.1,395.333333333333,179.5,227.5,272.777777777778
"917","ul1-1","4","diamond","1",20,"1","43","ul",105.7,2021-11-04,"8:29:16","8:53:08",78.5,80,283,423.5,286,315.555555555556
"918","ul1-2","4","diamond","2",20,"1","43","ul",75.6,2021-11-04,"8:33:38","8:57:33",77.2,83,404.333333333333,410.5,291.25,355.444444444444
"919","ul1-3","4","diamond","3",20,"1","43","ul",79.7,2021-11-04,"8:37:58","9:01:58",74.3,86.4,388,389,302,350
"920","ul1-4","4","diamond","4",20,"1","43","ul",82.4,2021-11-04,"8:42:44","9:06:36",81.9,97.9,375.333333333333,348.5,277.25,325.777777777778
"921","hm2-1","4","diamond","1",20,"2","44","hm",90.3,2021-11-04,"8:47:23","9:11:08",87.5,100,340.333333333333,341.5,259.25,304.555555555556
"922","hm2-2","4","diamond","2",20,"2","44","hm",104.4,2021-11-04,"8:52:19","9:15:42",65.9,83.9,287.666666666667,404,332.5,333.444444444444
"923","hm2-3","4","diamond","3",20,"2","44","hm",87.4,2021-11-04,"8:56:59","9:20:14",158.6,71.1,349.666666666667,472.5,43.75,241
"924","hm2-4","4","diamond","4",20,"2","44","hm",141.1,2021-11-04,"9:01:23","9:24:35",89.7,60.8,169.333333333333,506.5,255.25,282.444444444444
"925","ul2-1","4","diamond","1",20,"2","44","ul",108.6,2021-11-04,"9:05:52","9:29:00",53,73.9,267,457.5,363.5,352.222222222222
"926","ul2-2","4","diamond","2",20,"2","44","ul",102,2021-11-04,"9:10:28","9:33:16",73.3,80.4,289,420.5,312.75,328.777777777778
"927","ul2-3","4","diamond","3",20,"2","44","ul",88.5,2021-11-04,"9:14:58","9:37:47",105.2,71.5,340.333333333333,471,190.75,302.888888888889
"928","ul2-4","4","diamond","4",20,"2","44","ul",95.8,2021-11-04,"9:19:19","9:42:15",73.2,78.5,305.333333333333,432.5,315.5,338.111111111111
"929","hm3-1","4","diamond","1",27,"3","45","hm",93.5,2021-11-04,"9:23:44","9:46:36",74.5,59.7,316,510,312.25,357.444444444444
"930","hm3-2","4","diamond","2",27,"3","45","hm",119.6,2021-11-04,"9:29:01","9:51:03",65.6,69,230,481,342.25,335.666666666667
"931","hm3-3","4","diamond","3",27,"3","45","hm",81.1,2021-11-04,"9:34:55","9:55:37",106.2,69.4,364,479,188.75,311.666666666667
"932","hm3-4","4","diamond","4",27,"3","45","hm",124.2,2021-11-04,"9:39:13","9:59:36",65.5,74.2,215,455.5,344.25,325.888888888889
"933","ul3-1","4","diamond","1",27,"3","45","ul",101.1,2021-11-04,"9:43:44","10:04:46",69.5,77.5,279,438,333.5,338.555555555556
"934","ul3-2","4","diamond","2",27,"3","45","ul",101,2021-11-04,"9:48:15","10:09:09",63.3,76.5,278,443,351.25,347.222222222222
"935","ul3-3","4","diamond","3",27,"3","45","ul",78.3,2021-11-04,"9:52:49","10:13:32",75,78.7,370.333333333333,432.5,317.75,360.777777777778
"936","ul3-4","4","diamond","4",27,"3","45","ul",115.4,2021-11-04,"9:57:12","10:18:14",96,104.7,231.666666666667,320.5,234,252.444444444444
"937","hm4-1","4","diamond","1",27,"4","46","hm",104.7,2021-11-04,"9:59:33","10:22:41",67.4,61.6,264,505,344.5,353.333333333333
"938","hm4-2","4","diamond","2",27,"4","46","hm",100.3,2021-11-04,"10:05:55","10:27:12",80.8,56.8,274.666666666667,519,298.75,339.666666666667
"939","hm4-3","4","diamond","3",27,"4","46","hm",101.5,2021-11-04,"10:10:57","10:31:59",77.3,70.9,269.333333333333,473.5,312.25,333.777777777778
"940","hm4-4","4","diamond","4",27,"4","46","hm",92.6,2021-11-04,"10:15:24","10:36:38",77.7,86.3,303.333333333333,389.5,310,325.444444444444
"941","ul4-1","4","diamond","1",27,"4","46","ul",67.7,2021-11-04,"10:20:16","10:41:02",52.8,76,399.333333333333,447.5,382.25,402.444444444444
"942","ul4-2","4","diamond","2",27,"4","46","ul",82.1,2021-11-04,"10:24:46","10:45:25",65.9,64.1,343.666666666667,498.5,354,382.666666666667
"943","ul4-3","4","diamond","3",27,"4","46","ul",62.2,2021-11-04,"10:29:20","10:49:50",86.5,82.7,418.333333333333,412,276.5,353.888888888889
"944","ul4-4","4","diamond","4",27,"4","46","ul",87.2,2021-11-04,"10:34:16","10:54:22",97,86.1,318.666666666667,390,232,296
"945","hm5-1","4","diamond","1",30,"5","47","hm",134.2,2021-11-04,"10:38:56","10:59:24",43.2,50.8,177,538,417.5,364.111111111111
"946","hm5-2","4","diamond","2",30,"5","47","hm",123.3,2021-11-04,"10:43:18","11:03:46",57.5,51.3,200.666666666667,538,378.5,354.666666666667
"947","hm5-3","4","diamond","3",30,"5","47","hm",103.2,2021-11-04,"10:48:28","11:08:11",66.9,61.6,252,505,350.25,351.888888888889
"948","hm5-4","4","diamond","4",30,"5","47","hm",117.3,2021-11-04,"10:53:00","11:13:10",89,75.5,211.333333333333,448.5,267,288.777777777778
"949","ul5-1","4","diamond","1",30,"5","47","ul",99.5,2021-11-04,"10:57:37","11:18:00",78.6,61.3,259.666666666667,505,307,335.222222222222
"950","ul5-2","4","diamond","2",30,"5","47","ul",98.9,2021-11-04,"11:02:08","11:22:41",97.2,107.9,261.333333333333,311.5,231.75,259.333333333333
"951","ul5-3","4","diamond","3",30,"5","47","ul",93,2021-11-04,"11:06:50","11:27:32",112.8,95.2,284.333333333333,358.5,171.25,250.555555555556
"952","ul5-4","4","diamond","4",30,"5","47","ul",102.5,2021-11-04,"11:11:29","11:32:15",80.8,90,246.333333333333,374.5,298.75,298.111111111111
"953","hm6-1","4","diamond","1",30,"6","48","hm",122.2,2021-11-04,"11:16:31","11:37:29",49.5,69.9,192.666666666667,477,405.5,350.444444444444
"954","hm6-2","4","diamond","2",30,"6","48","hm",106.5,2021-11-04,"11:21:12","11:42:14",58.8,64.2,230.666666666667,497.5,385,358.555555555556
"955","hm6-3","4","diamond","3",30,"6","48","hm",107.8,2021-11-04,"11:25:31","11:46:49",86.8,77.1,224,441,275.25,295
"956","ul6-1","4","diamond","1",30,"6","48","ul",84.8,2021-11-04,"11:35:09","11:51:40",64.1,69.8,308,477.5,371.5,373.888888888889
"957","ul6-2","4","diamond","2",30,"6","48","ul",79.2,2021-11-04,"11:39:51","11:56:58",62.3,88.3,332.333333333333,380.5,380.75,364.555555555556
"958","ul6-3","4","diamond","3",30,"6","48","ul",70.6,2021-11-04,"11:44:55","12:01:21",69.5,70.9,360.333333333333,473.5,348.75,380.333333333333
"959","ul6-4","4","diamond","4",30,"6","48","ul",92.9,2021-11-04,"11:49:35","12:06:46",102.8,95.7,270,357,206.5,261.111111111111
"1150","ul1-1","6","ewa","0",20,"1","49","ul",61.7,2022-02-11,"8:17:02","9:18:55",42,42.7,438.666666666667,580,455.25,477.444444444444
"1151","ul1-2","6","ewa","0",20,"1","50","ul",54.1,2022-02-11,"8:21:56","9:23:41",50.7,57.5,490.333333333333,526.5,429.25,471.222222222222
"1152","ul1-3","6","ewa","0",20,"1","51","ul",65,2022-02-11,"8:26:51","9:28:09",52.6,63.6,419,505,423,439.888888888889
"1153","ul1-4","6","ewa","0",20,"1","52","ul",48.2,2022-02-11,"8:31:36","9:32:45",36.6,40.4,520.666666666667,583.5,475.25,514.444444444444
"1154","ul2-1","6","ewa","0",20,"2","53","ul",134.3,2022-02-11,"8:36:38","9:37:24",82.8,103.7,72.6666666666667,344,319,242.444444444444
"1155","ul2-2","6","ewa","0",20,"2","54","ul",77.2,2022-02-11,"8:42:07","9:42:02",45.5,60.7,357,518.5,451.5,434.888888888889
"1156","ul2-3","6","ewa","0",20,"2","55","ul",66.4,2022-02-11,"8:46:45","9:46:37",63.2,57.6,411,526.5,396,430
"1157","ul2-4","6","ewa","0",20,"2","56","ul",63,2022-02-11,"8:51:35","9:51:12",45.4,55,431,535,454.25,464.444444444444
"1158","ul3-1","6","ewa","0",27,"3","57","ul",64,2022-02-11,"8:59:33","9:55:47",38.8,39.7,426,584.5,474.75,482.888888888889
"1159","ul3-2","6","ewa","0",27,"3","58","ul",63.3,2022-02-11,"9:05:20","9:59:31",57.5,48.1,430.666666666667,567,418.5,455.555555555556
"1160","ul3-3","6","ewa","0",27,"3","59","ul",71,2022-02-11,"9:10:14","10:04:52",36.8,49.9,389,562,483,469.222222222222
"1161","ul3-4","6","ewa","0",27,"3","60","ul",63.6,2022-02-11,"9:14:58","10:09:19",50.5,61.5,428.666666666667,516,442,454
"1162","ul4-1","6","ewa","0",27,"4","61","ul",59.8,2022-02-11,"9:19:43","8:21:56",64.4,56.9,450.666666666667,529.5,382.75,438
"1163","ul4-2","6","ewa","0",27,"4","62","ul",52.3,2022-02-11,"9:24:26","8:27:28",47.8,38.6,496.666666666667,587,426,485.333333333333
"1164","ul4-3","6","ewa","0",27,"4","63","ul",62.4,2022-02-11,"9:29:08","8:31:56",48.2,55.1,434.666666666667,535,425.25,452.777777777778
"1165","ul4-4","6","ewa","0",27,"4","64","ul",58,2022-02-11,"9:34:04","8:36:30",45.9,45.9,462.333333333333,571.5,434.75,474.333333333333
"1166","ul5-1","6","ewa","0",30,"5","65","ul",80.4,2022-02-11,"9:39:54","8:41:17",52.1,51.7,335.666666666667,554,413.25,418.666666666667
"1167","ul5-2","6","ewa","0",30,"5","66","ul",60,2022-02-11,"9:46:23","8:46:21",30,41.1,450.333333333333,582,478.5,492.111111111111
"1168","ul5-3","6","ewa","0",30,"5","67","ul",56.6,2022-02-11,"9:51:55","8:50:44",49.4,49.1,472,565,425.5,472
"1169","ul5-4","6","ewa","0",30,"5","68","ul",72.7,2022-02-11,"9:56:44","8:55:32",42.5,60.7,381.666666666667,518.5,449,442
"1170","ul6-1","6","ewa","0",30,"6","69","ul",63.2,2022-02-11,"9:59:56","9:00:19",60.2,58.1,430.333333333333,526,395.5,436.111111111111
"1171","ul6-2","6","ewa","0",30,"6","70","ul",50.5,2022-02-11,"10:06:59","9:04:46",44.3,56.3,495,532,446.75,481.777777777778
"1172","ul6-3","6","ewa","0",30,"6","71","ul",71.6,2022-02-11,"10:11:49","9:09:20",33.7,42.8,386,580,476.5,469.333333333333
"1173","ul6-4","6","ewa","0",30,"6","72","ul",50.3,2022-02-11,"10:16:19","9:14:03",49.4,72.8,493.333333333333,465,431.25,459.444444444444
"1222","ul1-1","6.5","ewa","0",20,"1","73","ul",57.8,2022-02-21,"8:30:27","9:05:38",54.6,48.8,553,585,426.5,503.888888888889
"1223","ul1-2","6.5","ewa","0",20,"1","74","ul",48.5,2022-02-21,"8:35:04","9:10:18",37.4,45.1,572.666666666667,591,468.75,530.555555555556
"1224","ul1-3","6.5","ewa","0",20,"1","75","ul",88.9,2022-02-21,"8:39:53","9:15:04",30.8,47.5,431.333333333333,587,482.75,488.777777777778
"1225","ul1-4","6.5","ewa","0",20,"1","76","ul",64.9,2022-02-21,"8:44:37","9:19:50",39.3,44.1,531,594,467.25,516.666666666667
"1226","ul2-1","6.5","ewa","0",20,"2","77","ul",53.7,2022-02-21,"8:49:27","9:24:22",37.9,46.4,556.666666666667,590.5,472,526.555555555556
"1227","ul2-2","6.5","ewa","0",20,"2","78","ul",55.7,2022-02-21,"8:54:03","9:29:04",50.8,47.9,550.666666666667,586,445.25,511.666666666667
"1228","ul2-3","6.5","ewa","0",20,"2","79","ul",51.6,2022-02-21,"8:58:37","9:34:32",36.4,40.7,557.666666666667,609.5,477.5,533.555555555556
"1229","ul2-4","6.5","ewa","0",20,"2","80","ul",57.7,2022-02-21,"9:03:16","9:39:04",36.5,42.8,543.666666666667,598,478.25,526.666666666667
"1230","ul3-1","6.5","ewa","0",27,"3","81","ul",82.8,2022-02-21,"9:07:55","9:43:33",50.6,56.2,467,565.5,449.5,481.111111111111
"1231","ul3-2","6.5","ewa","0",27,"3","82","ul",85.2,2022-02-21,"9:12:26","9:48:21",55.2,74.3,453.333333333333,509,436,458
"1232","ul3-3","6.5","ewa","0",27,"3","83","ul",83.2,2022-02-21,"9:16:47","9:52:56",37,51,465,579.5,480,497.111111111111
"1233","ul3-4","6.5","ewa","0",27,"3","84","ul",96.5,2022-02-21,"9:21:38","9:57:36",54.8,48.1,396.666666666667,585.5,439,457.444444444444
"1234","ul4-1","6.5","ewa","0",27,"4","85","ul",74.6,2022-02-21,"9:26:27","8:09:20",55.4,50.6,496.333333333333,581,413,478.111111111111
"1235","ul4-2","6.5","ewa","0",27,"4","86","ul",64,2022-02-21,"9:31:15","8:13:46",41,36.6,522,615,446.75,509.222222222222
"1236","ul4-3","6.5","ewa","0",27,"4","87","ul",69.1,2022-02-21,"9:35:44","8:18:40",46.8,50.7,505,581,439,492.555555555556
"1237","ul4-4","6.5","ewa","0",27,"4","88","ul",63.9,2022-02-21,"9:40:27","8:23:20",59.2,49,519.333333333333,585,404.5,482.888888888889
"1238","ul5-1","6.5","ewa","0",30,"5","89","ul",71.1,2022-02-21,"9:44:57","8:28:04",37.5,41.1,497.666666666667,608.5,458.25,504.777777777778
"1239","ul5-2","6.5","ewa","0",30,"5","90","ul",53.6,2022-02-21,"9:50:03","8:33:29",44.2,49.3,536.666666666667,584,447.75,507.666666666667
"1240","ul5-3","6.5","ewa","0",30,"5","91","ul",78.7,2022-02-21,"9:55:19","8:38:23",47.4,67.2,474.333333333333,531,443,473
"1241","ul5-4","6.5","ewa","0",30,"5","92","ul",54.2,2022-02-21,"9:59:57","8:43:11",32.5,37.1,531.666666666667,614.5,470.75,523
"1242","ul6-1","6.5","ewa","0",30,"6","93","ul",58,2022-02-21,"10:04:35","8:47:52",31.5,48.3,522.666666666667,585,474,514.888888888889
"1243","ul6-2","6.5","ewa","0",30,"6","94","ul",56.6,2022-02-21,"10:09:00","8:52:09",37,43,523.666666666667,598,464.75,514
"1244","ul6-3","6.5","ewa","0",30,"6","95","ul",50.6,2022-02-21,"10:13:26","8:56:39",47.1,48.7,534,585,448.25,507.222222222222
"1245","ul6-4","6.5","ewa","0",30,"6","96","ul",52.9,2022-02-21,"10:18:06","9:01:04",40.1,76.7,529.666666666667,484.5,460.75,489
"1294","hm1-1","7","ewa","2.5",20,"1","49","hm",115.3,2022-04-21,"8:12:31","10:22:27",137.9,223,419,267,361,359.444444444444
"1295","hm1-2","7","ewa","2.5",20,"1","50","hm",112.5,2022-04-21,"8:16:56","10:27:00",242.1,186.2,421.333333333333,302,252.5,319.777777777778
"1296","hm1-3","7","ewa","2.5",20,"1","51","hm",128.4,2022-04-21,"8:21:58","10:32:12",183.7,194.9,397.333333333333,289,308,333.555555555556
"1297","hm1-4","7","ewa","2.5",20,"1","52","hm",113.7,2022-04-21,"8:26:29","10:36:41",171.4,187.6,420,298,324.75,350.555555555556
"1298","hul1-1","7","ewa","2.5",20,"1","53","hm",111.1,2022-04-21,"8:31:06","10:41:28",159.8,281.5,422.333333333333,224.5,344.25,343.666666666667
"1299","hul1-2","7","ewa","2.5",20,"1","54","hm",77.4,2022-04-21,"8:35:41","10:46:31",118.6,238.4,481.666666666667,259,384,388.777777777778
"1300","hul1-3","7","ewa","2.5",20,"1","55","hm",111.8,2022-04-21,"8:40:05","10:51:08",135.8,183.9,419.333333333333,306.5,367.25,371.111111111111
"1301","hul1-4","7","ewa","2.5",20,"1","56","hm",76.7,2022-04-21,"8:44:58","10:56:03",146.3,125.2,479.666666666667,389,360.75,406.666666666667
"1302","hm2-1","7","ewa","2.5",20,"2","57","hm",91,2022-04-21,"8:49:48","11:01:20",178.3,156.7,453.666666666667,344.5,320.25,370.111111111111
"1303","hm2-2","7","ewa","2.5",20,"2","58","hm",77.4,2022-04-21,"8:54:36","11:06:03",163.6,98.5,475.333333333333,444,345.5,410.666666666667
"1304","hm2-3","7","ewa","2.5",20,"2","59","hm",76.9,2022-04-21,"8:59:26","11:11:28",121,121.1,474.666666666667,397,388.25,419
"1305","hm2-4","7","ewa","2.5",20,"2","60","hm",70.3,2022-04-21,"9:04:04","11:16:41",135.5,109.6,483,418,374,420.111111111111
"1306","hul2-1","7","ewa","2.5",20,"2","61","hm",91.9,2022-04-21,"9:10:24","11:21:48",130.3,75.6,445.666666666667,496.5,380,427.777777777778
"1307","hul2-2","7","ewa","2.5",20,"2","62","hm",99.2,2022-04-21,"9:15:46","11:26:37",107.6,145.4,431,358,409.75,405.333333333333
"1308","hul2-3","7","ewa","2.5",20,"2","63","hm",192.5,2022-04-21,"9:20:30","11:32:01",97,113.7,323.333333333333,410.5,433.75,391.777777777778
"1309","hul2-4","7","ewa","2.5",20,"2","64","hm",149.8,2022-04-21,"9:25:38","11:36:26",131.6,189,362.666666666667,296,381.75,356.333333333333
"1310","hm3-1","7","ewa","2.5",27,"3","65","hm",71.5,2022-04-21,"9:31:26","11:42:29",123.4,107.6,472.333333333333,423.5,393.75,426.555555555556
"1311","hm3-2","7","ewa","2.5",27,"3","66","hm",96,2022-04-21,"9:36:36","11:47:16",136.1,158.8,429.666666666667,341.5,380,388
"1312","hm3-3","7","ewa","2.5",27,"3","67","hm",192.5,2022-04-21,"9:41:11","11:52:45",147,129.8,318.333333333333,380,372.5,356.111111111111
"1313","hm3-4","7","ewa","2.5",27,"3","68","hm",145.7,2022-04-21,"9:46:46","11:57:25",152.8,141.6,361.666666666667,362,368.25,364.666666666667
"1314","hul3-1","7","ewa","2.5",27,"3","69","hm",133.1,2022-04-21,"9:52:15","12:02:05",124.7,114.3,370.666666666667,408,397.25,390.777777777778
"1315","hul3-2","7","ewa","2.5",27,"3","70","hm",97.3,2022-04-21,"9:57:29","12:07:43",139,117.5,422.333333333333,402,382.25,400
"1316","hul3-3","7","ewa","2.5",27,"3","71","hm",101.2,2022-04-21,"9:59:38","12:12:34",168.3,131.1,414.666666666667,376,349.25,377
"1317","hul3-4","7","ewa","2.5",27,"3","72","hm",113.2,2022-04-21,"10:06:48","12:18:01",150.7,152.3,390.666666666667,349,373,373.555555555556
"1318","hm4-1","7","ewa","2.5",27,"4","73","hm",168.5,2022-04-21,"10:11:37","8:17:28",162.1,130,333.333333333333,379.5,329.25,341.777777777778
"1319","hm4-2","7","ewa","2.5",27,"4","74","hm",113,2022-04-21,"10:16:13","8:22:20",85.7,134.2,388.333333333333,369,418,397.222222222222
"1320","hm4-3","7","ewa","2.5",27,"4","75","hm",95,2022-04-21,"10:20:41","8:27:57",90.4,139.3,418.666666666667,363.5,409.75,402.444444444444
"1321","hm4-4","7","ewa","2.5",27,"4","76","hm",106.1,2022-04-21,"10:25:17","8:33:49",67.2,110.9,398,417.5,450,425.444444444444
"1322","hul4-1","7","ewa","2.5",27,"4","77","hm",187.9,2022-04-21,"10:30:24","8:38:37",61.3,103.4,309.333333333333,432,459.25,403.222222222222
"1323","hul4-2","7","ewa","2.5",27,"4","78","hm",108,2022-04-21,"10:36:18","8:44:34",88,139.6,390,363.5,416.5,395.888888888889
"1324","hul4-3","7","ewa","2.5",27,"4","79","hm",183.1,2022-04-21,"10:41:03","8:48:59",112.9,175.8,311,317,374.5,340.555555555556
"1325","hul4-4","7","ewa","2.5",27,"4","80","hm",137.4,2022-04-21,"10:45:30","8:53:45",104.1,187.2,351.333333333333,298.5,387,355.444444444444
"1326","hm5-1","7","ewa","2.5",30,"5","81","hm",104.9,2022-04-21,"10:49:59","8:58:14",89.8,118.1,391,401.5,414.25,403.666666666667
"1327","hm5-2","7","ewa","2.5",30,"5","82","hm",147.6,2022-04-21,"10:54:25","9:02:35",84,131.2,338.666666666667,376,426.25,385.888888888889
"1328","hm5-3","7","ewa","2.5",30,"5","83","hm",113,2022-04-21,"10:58:51","9:07:35",63.8,147.8,374,353.5,460.25,407.777777777778
"1329","hm5-4","7","ewa","2.5",30,"5","84","hm",134.9,2022-04-21,"11:03:21","9:12:33",126.2,233.8,347,262,365.5,336.333333333333
"1330","hul5-1","7","ewa","2.5",30,"5","85","hm",138.3,2022-04-21,"11:08:13","9:23:47",41.8,209.1,343,277,504.75,400.222222222222
"1331","hul5-2","7","ewa","2.5",30,"5","86","hm",122.8,2022-04-21,"11:12:57","9:28:29",59.2,89.5,355.666666666667,462.5,476.25,433
"1332","hul5-3","7","ewa","2.5",30,"5","87","hm",141.3,2022-04-21,"11:17:30","9:33:01",79.3,158.7,336.333333333333,342,444.5,385.666666666667
"1333","hul5-4","7","ewa","2.5",30,"5","88","hm",113.5,2022-04-21,"11:22:01","9:38:23",93.3,181.9,366.333333333333,309.5,415.5,375.555555555556
"1334","hm6-1","7","ewa","2.5",30,"6","89","hm",209.8,2022-04-21,"11:27:03","9:43:47",99,162.6,270.666666666667,337,405,345.111111111111
"1335","hm6-2","7","ewa","2.5",30,"6","90","hm",99.5,2022-04-21,"11:31:41","9:48:55",109.7,181.4,386.666666666667,310,385.5,369.111111111111
"1336","hm6-3","7","ewa","2.5",30,"6","91","hm",106.6,2022-04-21,"11:36:25","9:54:01",131,224.3,373,266,364,345.222222222222
"1337","hm6-4","7","ewa","2.5",30,"6","92","hm",176,2022-04-21,"11:41:18","9:58:54",99.5,144.3,296.666666666667,360.5,407.5,360.111111111111
"1338","hul6-1","7","ewa","2.5",30,"6","93","hm",128.6,2022-04-21,"11:46:19","9:59:40",91,166.1,338,332.5,425.25,375.555555555556
"1339","hul6-2","7","ewa","2.5",30,"6","94","hm",135.5,2022-04-21,"11:50:57","10:08:10",134.3,157.8,330.333333333333,344,363.25,348
"1340","hul6-3","7","ewa","2.5",30,"6","95","hm",131.5,2022-04-21,"11:55:35","10:13:01",87.8,187.5,331.666666666667,298,435,370.111111111111
"1341","hul6-4","7","ewa","2.5",30,"6","96","hm",124.3,2022-04-21,"12:03:14","10:18:01",90.4,128.9,338,382.5,430.75,389.111111111111
"1438","hul1-1","9","diamond","0",20,"1","101","hm",49.2,2022-10-14,"8:21:39","9:14:09",48.8,NA,533.333333333333,509.5,437.5,485.444444444444
"1439","hul1-2","9","diamond","0",20,"1","102","hm",46.7,2022-10-14,"8:26:04","9:18:43",45.6,NA,538.333333333333,525,445,493.888888888889
"1440","hul1-3","9","diamond","0",20,"1","103","hm",60.8,2022-10-14,"8:31:14","9:23:08",66.3,NA,494.333333333333,448,360.25,424.444444444444
"1441","hul1-4","9","diamond","0",20,"1","104","hm",45.5,2022-10-14,"8:38:59","9:27:43",88.5,NA,538,530,262.25,413.666666666667
"1442","hul2-1","9","diamond","0",20,"2","109","hm",53.6,2022-10-14,"8:43:26","9:32:14",61.1,NA,513.333333333333,482.5,391.5,452.333333333333
"1443","hul2-2","9","diamond","0",20,"2","110","hm",103,2022-10-14,"8:48:10","9:36:31",128.3,NA,314.666666666667,321.5,98.5,220.111111111111
"1444","hul2-3","9","diamond","0",20,"2","111","hm",40.7,2022-10-14,"8:52:48","9:41:19",64,NA,549,550.5,373.5,471.333333333333
"1445","hul2-4","9","diamond","0",20,"2","112","hm",59.9,2022-10-14,"8:57:08","9:46:25",80.6,NA,489.333333333333,451,296.75,395.222222222222
"1446","hul3-1","9","diamond","0",27,"3","117","hm",47.5,2022-10-14,"9:01:34","9:52:19",56.2,NA,523.666666666667,521.5,417,475.777777777778
"1447","hul3-2","9","diamond","0",27,"3","118","hm",55,2022-10-14,"9:07:33","9:56:45",76.8,NA,501,475,318.5,414.111111111111
"1448","hul3-3","9","diamond","0",27,"3","119","hm",55.8,2022-10-14,"9:12:16","9:59:52",51.8,NA,497,470,439,465.222222222222
"1449","hul3-4","9","diamond","0",27,"3","120","hm",59.7,2022-10-14,"9:16:49","10:05:47",65.4,NA,483,452,374.25,427.777777777778
"1450","hul4-1","9","diamond","0",27,"4","125","hm",73.9,2022-10-14,"9:21:50","8:17:47",34.9,NA,437.666666666667,408.5,455.25,439
"1451","hul4-2","9","diamond","0",27,"4","126","hm",60,2022-10-14,"9:26:15","8:22:24",35.9,NA,479.666666666667,451,454.5,462.111111111111
"1452","hul4-3","9","diamond","0",27,"4","127","hm",75.6,2022-10-14,"9:30:41","8:27:20",34.1,NA,428.333333333333,401,458.75,435.777777777778
"1453","hul4-4","9","diamond","0",27,"4","128","hm",126.8,2022-10-14,"9:35:10","8:32:19",26.3,NA,241.333333333333,255,477.75,349.444444444444
"1454","hul5-1","9","diamond","0",30,"5","133","hm",80.6,2022-10-14,"9:42:06","8:37:25",43.5,NA,407,378.5,440.75,415.666666666667
"1455","hul5-2","9","diamond","0",30,"5","134","hm",69.9,2022-10-14,"9:46:49","8:42:08",28,NA,449.666666666667,421.5,476,455.111111111111
"1456","hul5-3","9","diamond","0",30,"5","135","hm",49.3,2022-10-14,"9:51:09","8:46:42",23.2,NA,503.333333333333,509,490.25,498.777777777778
"1457","hul5-4","9","diamond","0",30,"5","136","hm",63.9,2022-10-14,"9:55:41","8:51:37",33.2,NA,462.666666666667,435.5,466.75,458.444444444444
"1458","hul6-1","9","diamond","0",30,"6","141","hm",71.8,2022-10-14,"9:59:35","8:56:14",49.4,NA,438.666666666667,416,432,430.666666666667
"1459","hul6-2","9","diamond","0",30,"6","142","hm",88.2,2022-10-14,"10:07:29","9:00:45",52.9,NA,364,355.5,420.25,387.111111111111
"1460","hul6-3","9","diamond","0",30,"6","143","hm",103.5,2022-10-14,"10:11:57","9:05:10",59.3,NA,305.333333333333,319.5,393.25,347.555555555556
"1461","hul6-4","9","diamond","0",30,"6","144","hm",63.3,2022-10-14,"10:16:41","9:09:41",37.1,NA,457.333333333333,439,464,456.222222222222
"1486","hm1-1","8","diamond","0",20,"1","97","hm",58.7,2022-10-04,"8:07:33","9:28:12",174,NA,469.666666666667,501,171.25,344
"1487","hm1-2","8","diamond","0",20,"1","98","hm",47.1,2022-10-04,"8:12:25","9:33:37",126.8,NA,490.666666666667,555,268.75,406.333333333333
"1488","hm1-3","8","diamond","0",20,"1","99","hm",54.2,2022-10-04,"8:16:54","9:38:15",116.8,NA,478.666666666667,528,290,405.777777777778
"1489","hm1-4","8","diamond","0",20,"1","100","hm",66.1,2022-10-04,"8:21:42","9:42:40",106.3,NA,458,467,309,393.777777777778
"1490","hm2-1","8","diamond","0",20,"2","105","hm",59.3,2022-10-04,"8:26:06","9:47:42",110.3,NA,469.333333333333,497.5,305,402.555555555556
"1491","hm2-2","8","diamond","0",20,"2","106","hm",70.5,2022-10-04,"8:30:32","9:52:06",111.1,NA,449,453,305.5,386.111111111111
"1492","hm2-3","8","diamond","0",20,"2","107","hm",53.4,2022-10-04,"8:35:23","9:56:41",108.6,NA,480.333333333333,530,309,415.222222222222
"1493","hm2-4","8","diamond","0",20,"2","108","hm",67.5,2022-10-04,"8:39:58","9:59:49",97.4,NA,456.333333333333,461.5,327.25,400.111111111111
"1494","hm3-1","8","diamond","0",27,"3","113","hm",68.9,2022-10-04,"8:44:46","10:05:55",85.7,NA,453.666666666667,457.5,358.75,412.333333333333
"1495","hm3-2","8","diamond","0",27,"3","114","hm",69.4,2022-10-04,"8:49:15","10:10:45",80.8,NA,452.666666666667,455.5,374.25,418.444444444444
"1496","hm3-3","8","diamond","0",27,"3","115","hm",72.8,2022-10-04,"8:54:05","10:15:59",69.1,NA,444.666666666667,444,394,422
"1497","hm3-4","8","diamond","0",27,"3","116","hm",64.2,2022-10-04,"8:58:47","10:20:26",82.8,NA,461,474.5,371.5,424.222222222222
"1498","hm4-1","8","diamond","0",27,"4","121","hm",77.9,2022-10-04,"9:03:23","8:33:04",93.5,NA,434.333333333333,428.5,312,378.666666666667
"1499","hm4-2","8","diamond","0",27,"4","122","hm",77.4,2022-10-04,"9:08:23","8:37:43",62.4,NA,435.333333333333,429.5,385.75,412
"1500","hm4-3","8","diamond","0",27,"4","123","hm",103.7,2022-10-04,"9:12:45","8:42:55",76.1,NA,358.333333333333,381.5,361.25,364.777777777778
"1501","hm4-4","8","diamond","0",27,"4","124","hm",102.3,2022-10-04,"9:17:06","8:47:49",47.6,NA,360.333333333333,385,435.75,399.333333333333
"1502","hm5-1","8","diamond","0",30,"5","129","hm",92.5,2022-10-04,"9:21:33","8:52:17",59.2,NA,379.666666666667,404,400.75,394.444444444444
"1503","hm5-2","8","diamond","0",30,"5","130","hm",84.3,2022-10-04,"9:25:56","8:57:08",52.4,NA,407.666666666667,416.5,424.25,417
"1504","hm5-3","8","diamond","0",30,"5","131","hm",61.7,2022-10-04,"9:31:10","9:01:28",69.7,NA,465,488,373.75,429.555555555556
"1505","hm5-4","8","diamond","0",30,"5","132","hm",95.8,2022-10-04,"9:36:00","9:05:48",65.4,NA,373.666666666667,397.5,384,383.555555555556
"1506","hm6-1","8","diamond","0",30,"6","137","hm",49.4,2022-10-04,"9:40:36","9:10:15",64.5,NA,487.666666666667,545.5,388.75,456.555555555556
"1507","hm6-2","8","diamond","0",30,"6","138","hm",68.9,2022-10-04,"9:45:23","9:14:56",65.7,NA,453.666666666667,457.5,385.25,424.111111111111
"1508","hm6-3","8","diamond","0",30,"6","139","hm",60.1,2022-10-04,"9:50:46","9:19:14",62.1,NA,467.666666666667,493,396.25,441.555555555556
"1509","hm6-4","8","diamond","0",30,"6","140","hm",74.2,2022-10-04,"9:55:18","9:23:50",72.1,NA,442.333333333333,439,377,412.555555555556
"1582","ul1-1","9","ewa","2.5",20,"1","97","ul",89.6,2022-10-13,"8:24:00","10:11:44",109.3,NA,375,346,230,304.111111111111
"1583","ul1-2","9","ewa","2.5",20,"1","98","ul",70.3,2022-10-13,"8:30:02","10:17:19",91.6,NA,462.666666666667,426,291.75,378.555555555556
"1584","ul1-3","9","ewa","2.5",20,"1","99","ul",120.8,2022-10-13,"8:35:40","10:21:50",111.7,NA,285.333333333333,247.5,223.75,249.555555555556
"1585","ul1-4","9","ewa","2.5",20,"1","100","ul",61.9,2022-10-13,"8:40:14","10:26:28",72.3,NA,480.666666666667,460,361.25,423
"1586","hul1-1","9","ewa","2.5",20,"1","101","ul",81.2,2022-10-13,"8:44:35","10:30:57",97.1,NA,412,380.5,277.5,345.222222222222
"1587","hul1-2","9","ewa","2.5",20,"1","102","ul",78.2,2022-10-13,"8:49:09","10:35:41",81,NA,422.333333333333,392.5,325,372.444444444444
"1588","hul1-3","9","ewa","2.5",20,"1","103","ul",115.6,2022-10-13,"8:53:38","10:40:12",91.7,NA,293.666666666667,266.5,297,289.111111111111
"1589","hul1-4","9","ewa","2.5",20,"1","104","ul",91.8,2022-10-13,"8:58:03","10:44:49",93.7,NA,364.333333333333,339,290.75,326
"1590","ul2-1","9","ewa","2.5",20,"2","105","ul",76.5,2022-10-13,"9:02:33","10:49:07",95.4,NA,424.666666666667,401.5,285,357.444444444444
"1591","ul2-2","9","ewa","2.5",20,"2","106","ul",89.4,2022-10-13,"9:07:26","10:53:37",101.9,NA,369,346,261.75,316.222222222222
"1592","ul2-3","9","ewa","2.5",20,"2","107","ul",102.7,2022-10-13,"9:12:06","10:58:09",92.1,NA,323.666666666667,312,300.25,310.666666666667
"1593","ul2-4","9","ewa","2.5",20,"2","108","ul",114.8,2022-10-13,"9:17:11","11:02:50",97.9,NA,292.666666666667,269.5,278.75,281.333333333333
"1594","hul2-1","9","ewa","2.5",20,"2","109","ul",90.5,2022-10-13,"9:21:50","11:07:18",71.6,NA,361.333333333333,343.5,374.25,363.111111111111
"1595","hul2-2","9","ewa","2.5",20,"2","110","ul",68,2022-10-13,"9:26:19","11:12:18",90.2,NA,451.666666666667,435,307.75,384
"1596","hul2-3","9","ewa","2.5",20,"2","111","ul",106.6,2022-10-13,"9:30:43","11:16:51",97.3,NA,305.333333333333,297,284,294
"1597","hul2-4","9","ewa","2.5",20,"2","112","ul",107.8,2022-10-13,"9:35:29","11:22:14",79.4,NA,300,293,343.75,317.888888888889
"1598","ul3-1","9","ewa","2.5",27,"3","113","ul",102.4,2022-10-13,"9:39:53","11:27:04",110.8,NA,315.333333333333,313.5,234.5,279
"1599","ul3-2","9","ewa","2.5",27,"3","114","ul",116.2,2022-10-13,"9:44:13","11:32:05",90,NA,280,264,312.5,290.888888888889
"1600","ul3-3","9","ewa","2.5",27,"3","115","ul",98.7,2022-10-13,"9:48:49","11:36:44",112.4,NA,322.666666666667,323,230.5,281.777777777778
"1601","ul3-4","9","ewa","2.5",27,"3","116","ul",99.3,2022-10-13,"9:53:35","11:41:25",69.9,NA,320.333333333333,321,391.25,352
"1602","hul3-1","9","ewa","2.5",27,"3","117","ul",118.1,2022-10-13,"9:59:22","11:45:57",85.8,NA,273,257.5,327,293.555555555556
"1603","hul3-2","9","ewa","2.5",27,"3","118","ul",87.3,2022-10-13,"9:59:59","11:50:44",82.3,NA,360.333333333333,354,336.75,348.444444444444
"1604","hul3-3","9","ewa","2.5",27,"3","119","ul",90.8,2022-10-13,"10:08:40","11:55:15",97.6,NA,345,343.5,291.25,320.777777777778
"1605","hul3-4","9","ewa","2.5",27,"3","120","ul",116.5,2022-10-13,"10:13:41","11:59:41",90.1,NA,270,263,318.5,290
"1606","ul4-1","9","ewa","2.5",27,"4","121","ul",104.1,2022-10-13,"10:18:23","8:12:35",93.8,NA,296.666666666667,307.5,260.75,283.111111111111
"1607","ul4-2","9","ewa","2.5",27,"4","122","ul",112.1,2022-10-13,"10:22:45","8:17:27",71,NA,274.666666666667,277.5,335.5,302.333333333333
"1608","ul4-3","9","ewa","2.5",27,"4","123","ul",88.6,2022-10-13,"10:27:37","8:23:08",85.7,NA,345.666666666667,348.5,278.75,316.555555555556
"1609","ul4-4","9","ewa","2.5",27,"4","124","ul",80.1,2022-10-13,"10:32:00","8:27:40",98.2,NA,380.333333333333,383.5,249.75,323
"1610","hul4-1","9","ewa","2.5",27,"4","125","ul",77,2022-10-13,"10:36:53","8:32:59",52.4,NA,391.666666666667,397.5,403,398
"1611","hul4-2","9","ewa","2.5",27,"4","126","ul",86.8,2022-10-13,"10:41:30","8:38:04",70.2,NA,348,355.5,344.25,348
"1612","hul4-3","9","ewa","2.5",27,"4","127","ul",118.6,2022-10-13,"10:46:00","8:43:29",84.9,NA,256.333333333333,256.5,286,269.555555555556
"1613","hul4-4","9","ewa","2.5",27,"4","128","ul",102.2,2022-10-13,"10:50:34","8:49:11",70.1,NA,293,314,347.5,321.888888888889
"1614","ul5-1","9","ewa","2.5",30,"5","129","ul",92.7,2022-10-13,"10:55:13","8:54:39",108.8,NA,323.333333333333,337.5,218,279.666666666667
"1615","ul5-2","9","ewa","2.5",30,"5","130","ul",92.2,2022-10-13,"10:59:44","8:59:02",77.5,NA,323.666666666667,338,315.5,323.222222222222
"1616","ul5-3","9","ewa","2.5",30,"5","131","ul",106.5,2022-10-13,"11:06:32","9:04:21",89.9,NA,274,298,277.75,281
"1617","ul5-4","9","ewa","2.5",30,"5","132","ul",106.5,2022-10-13,"11:11:42","9:08:43",95.8,NA,272.333333333333,298,262.75,273.777777777778
"1618","hul5-1","9","ewa","2.5",30,"5","133","ul",109.9,2022-10-13,"11:16:12","9:13:19",92.4,NA,262,286,274.5,272.888888888889
"1619","hul5-2","9","ewa","2.5",30,"5","134","ul",110.8,2022-10-13,"11:21:00","9:18:23",87.6,NA,258.333333333333,281.5,287,276.222222222222
"1620","hul5-3","9","ewa","2.5",30,"5","135","ul",109.3,2022-10-13,"11:25:23","9:23:08",85.4,NA,260.666666666667,288.5,293.5,281.444444444444
"1621","hul5-4","9","ewa","2.5",30,"5","136","ul",77.5,2022-10-13,"11:29:44","9:27:40",76.2,NA,372.333333333333,394,330,358.333333333333
"1622","ul6-1","9","ewa","2.5",30,"6","137","ul",86.9,2022-10-13,"11:34:42","9:32:18",61.5,NA,330.333333333333,355,387.75,361.333333333333
"1623","ul6-2","9","ewa","2.5",30,"6","138","ul",80.3,2022-10-13,"11:39:26","9:38:31",79.5,NA,358,382.5,318,345.666666666667
"1624","ul6-3","9","ewa","2.5",30,"6","139","ul",104.1,2022-10-13,"11:43:54","9:42:51",56.1,NA,268,307.5,410.25,340
"1625","ul6-4","9","ewa","2.5",30,"6","140","ul",98,2022-10-13,"11:48:25","9:47:14",85.7,NA,285.666666666667,324.5,298.75,300.111111111111
"1626","hul6-1","9","ewa","2.5",30,"6","141","ul",89.2,2022-10-13,"11:53:14","9:52:13",72,NA,315,347,354,339.444444444444
"1627","hul6-2","9","ewa","2.5",30,"6","142","ul",105.8,2022-10-13,"11:57:56","9:56:54",84.2,NA,259,300.5,304.75,288.555555555556
"1628","hul6-3","9","ewa","2.5",30,"6","143","ul",96.6,2022-10-13,"12:03:16","9:59:43",59.5,NA,284.666666666667,328,401.25,346.111111111111
"1629","hul6-4","9","ewa","2.5",30,"6","144","ul",95,2022-10-13,"12:08:31","10:06:50",86.4,NA,287.333333333333,331.5,301.5,303.444444444444
